<?xml version="1.0"?>
<gpx xmlns="http://www.topografix.com/GPX/1/1" xmlns:gpxx="http://www.garmin.com/xmlschemas/GpxExtensions/v3" creator="CALTOPO" version="1.1"><metadata><name><![CDATA[GC CCT]]></name></metadata><trk><name>GC CCT</name><extensions><gpxx:TrackExtension><gpxx:DisplayColor>Red</gpxx:DisplayColor></gpxx:TrackExtension></extensions><trkseg><trkpt lat="38.976276" lon="-77.23532599999999"/><trkpt lat="38.9761541" lon="-77.235253"/><trkpt lat="38.9760484" lon="-77.23524399999997"/><trkpt lat="38.9757822" lon="-77.2352783"/><trkpt lat="38.9754858" lon="-77.23539149999999"/><trkpt lat="38.9753338" lon="-77.23540029999998"/><trkpt lat="38.975263" lon="-77.23544099999998"/><trkpt lat="38.975225" lon="-77.23550610000001"/><trkpt lat="38.9751782" lon="-77.23562809999999"/><trkpt lat="38.9751388" lon="-77.23577260000002"/><trkpt lat="38.9751376" lon="-77.23588230000001"/><trkpt lat="38.9752478" lon="-77.23612159999999"/><trkpt lat="38.9752886" lon="-77.23620140000003"/><trkpt lat="38.975463" lon="-77.23628500000001"/><trkpt lat="38.975554" lon="-77.23636199999999"/><trkpt lat="38.975661" lon="-77.23648700000001"/><trkpt lat="38.975838" lon="-77.23683699999998"/><trkpt lat="38.9758849" lon="-77.23693550000002"/><trkpt lat="38.9759366" lon="-77.23702650000001"/><trkpt lat="38.9759562" lon="-77.2371268"/><trkpt lat="38.9759853" lon="-77.23721699999999"/><trkpt lat="38.976306" lon="-77.23798499999998"/><trkpt lat="38.976367" lon="-77.23810000000003"/><trkpt lat="38.9764293" lon="-77.238179"/><trkpt lat="38.9765179" lon="-77.23820849999998"/><trkpt lat="38.9766066" lon="-77.2382581"/><trkpt lat="38.9766451" lon="-77.23836690000002"/><trkpt lat="38.9766769" lon="-77.23849619999999"/><trkpt lat="38.9766966" lon="-77.23865369999999"/><trkpt lat="38.976753" lon="-77.23899599999999"/><trkpt lat="38.9767728" lon="-77.23913449999998"/><trkpt lat="38.9767585" lon="-77.23919000000001"/><trkpt lat="38.9767388" lon="-77.23922520000002"/><trkpt lat="38.9766762" lon="-77.239306"/><trkpt lat="38.9766491" lon="-77.23937869999997"/><trkpt lat="38.9766462" lon="-77.2394501"/><trkpt lat="38.9766746" lon="-77.23948760000002"/><trkpt lat="38.9767703" lon="-77.23957740000003"/><trkpt lat="38.9768093" lon="-77.23961610000003"/><trkpt lat="38.9768565" lon="-77.2397178"/><trkpt lat="38.9769088" lon="-77.23992729999998"/><trkpt lat="38.9768891" lon="-77.24002250000001"/><trkpt lat="38.97689" lon="-77.24010240000001"/><trkpt lat="38.9769326" lon="-77.24027810000001"/><trkpt lat="38.977027" lon="-77.240522"/><trkpt lat="38.977077" lon="-77.24065000000002"/><trkpt lat="38.9771592" lon="-77.24072139999998"/><trkpt lat="38.9772457" lon="-77.24079089999998"/><trkpt lat="38.9773247" lon="-77.2409505"/><trkpt lat="38.9774021" lon="-77.24114910000003"/><trkpt lat="38.9774663" lon="-77.24132199999997"/><trkpt lat="38.9775253" lon="-77.2416025"/><trkpt lat="38.9775715" lon="-77.24201779999999"/><trkpt lat="38.9775621" lon="-77.24224229999999"/><trkpt lat="38.9775585" lon="-77.24252360000003"/><trkpt lat="38.9775777" lon="-77.2427816"/><trkpt lat="38.9775469" lon="-77.24299000000002"/><trkpt lat="38.9774484" lon="-77.24328789999998"/><trkpt lat="38.9774388" lon="-77.24354110000002"/><trkpt lat="38.9773873" lon="-77.24372740000001"/><trkpt lat="38.9772515" lon="-77.24402420000001"/><trkpt lat="38.9769913" lon="-77.24439889999996"/><trkpt lat="38.9769488" lon="-77.24446449999999"/><trkpt lat="38.9768778" lon="-77.244666"/><trkpt lat="38.9768423" lon="-77.24472359999999"/><trkpt lat="38.9768049" lon="-77.24478429999999"/><trkpt lat="38.9767217" lon="-77.24488329999997"/><trkpt lat="38.9766462" lon="-77.24492220000002"/><trkpt lat="38.976495" lon="-77.24496699999997"/><trkpt lat="38.976424" lon="-77.244982"/><trkpt lat="38.9763243" lon="-77.24493430000001"/><trkpt lat="38.9760813" lon="-77.24497919999999"/><trkpt lat="38.9760181" lon="-77.2451031"/><trkpt lat="38.9759898" lon="-77.24524529999997"/><trkpt lat="38.9759274" lon="-77.24535409999999"/><trkpt lat="38.9759089" lon="-77.24560550000001"/><trkpt lat="38.975964" lon="-77.24577599999998"/><trkpt lat="38.975998" lon="-77.24590599999999"/><trkpt lat="38.976004" lon="-77.24613799999997"/><trkpt lat="38.976039" lon="-77.24626999999998"/><trkpt lat="38.976076" lon="-77.24634900000001"/><trkpt lat="38.9761915" lon="-77.2465067"/><trkpt lat="38.9762726" lon="-77.24662690000002"/><trkpt lat="38.9763501" lon="-77.24674099999999"/><trkpt lat="38.976411" lon="-77.246849"/><trkpt lat="38.976467" lon="-77.24690499999997"/><trkpt lat="38.976483" lon="-77.24694599999998"/><trkpt lat="38.976547" lon="-77.24725999999998"/><trkpt lat="38.976553" lon="-77.24735199999998"/><trkpt lat="38.976538" lon="-77.24748999999997"/><trkpt lat="38.97656" lon="-77.24762599999997"/><trkpt lat="38.976581" lon="-77.24771499999997"/><trkpt lat="38.976688" lon="-77.24790000000002"/><trkpt lat="38.976775" lon="-77.24797999999998"/><trkpt lat="38.976846" lon="-77.24800099999999"/><trkpt lat="38.976914" lon="-77.24798299999998"/><trkpt lat="38.977182" lon="-77.248107"/><trkpt lat="38.9772995" lon="-77.2481995"/><trkpt lat="38.9774619" lon="-77.24840510000001"/><trkpt lat="38.9775103" lon="-77.24865219999998"/><trkpt lat="38.9775552" lon="-77.24882200000002"/><trkpt lat="38.9776057" lon="-77.24888659999999"/><trkpt lat="38.977648" lon="-77.24889999999999"/><trkpt lat="38.9778609" lon="-77.24888720000001"/><trkpt lat="38.9780048" lon="-77.2488171"/><trkpt lat="38.9780953" lon="-77.2488017"/><trkpt lat="38.9782219" lon="-77.24883"/><trkpt lat="38.9782729" lon="-77.24887969999997"/><trkpt lat="38.9783309" lon="-77.24905639999997"/><trkpt lat="38.978392" lon="-77.24939599999999"/><trkpt lat="38.9783834" lon="-77.2495571"/><trkpt lat="38.9783927" lon="-77.24990909999997"/><trkpt lat="38.9783778" lon="-77.2500369"/><trkpt lat="38.9783524" lon="-77.25017149999996"/><trkpt lat="38.9783041" lon="-77.25051960000002"/><trkpt lat="38.9782292" lon="-77.25080730000002"/><trkpt lat="38.9781723" lon="-77.25102249999998"/><trkpt lat="38.9778908" lon="-77.2517398"/><trkpt lat="38.9777574" lon="-77.25201140000001"/><trkpt lat="38.9777341" lon="-77.25212629999999"/><trkpt lat="38.9776582" lon="-77.25221590000001"/><trkpt lat="38.9775933" lon="-77.25226580000003"/><trkpt lat="38.9774124" lon="-77.25234410000002"/><trkpt lat="38.9772853" lon="-77.25247289999999"/><trkpt lat="38.9771672" lon="-77.2525617"/><trkpt lat="38.9770711" lon="-77.252703"/><trkpt lat="38.9769132" lon="-77.25310839999997"/><trkpt lat="38.9768654" lon="-77.25321810000003"/><trkpt lat="38.9767852" lon="-77.25340470000003"/><trkpt lat="38.9767735" lon="-77.2535067"/><trkpt lat="38.9767473" lon="-77.25355719999999"/><trkpt lat="38.9766906" lon="-77.25363500000003"/><trkpt lat="38.9766105" lon="-77.25374239999996"/><trkpt lat="38.976549" lon="-77.2537944"/><trkpt lat="38.9764717" lon="-77.25386900000001"/><trkpt lat="38.9763482" lon="-77.2539486"/><trkpt lat="38.976015" lon="-77.25442770000001"/><trkpt lat="38.9758677" lon="-77.25454389999999"/><trkpt lat="38.9757818" lon="-77.254637"/><trkpt lat="38.9757547" lon="-77.25469629999998"/><trkpt lat="38.9757441" lon="-77.2547447"/><trkpt lat="38.9757501" lon="-77.25481239999999"/><trkpt lat="38.9757413" lon="-77.25489399999998"/><trkpt lat="38.9757197" lon="-77.2549487"/><trkpt lat="38.9756719" lon="-77.25502319999998"/><trkpt lat="38.975304" lon="-77.25526580000002"/><trkpt lat="38.9752028" lon="-77.25532750000002"/><trkpt lat="38.9751057" lon="-77.25536970000002"/><trkpt lat="38.9749186" lon="-77.25548960000003"/><trkpt lat="38.9748228" lon="-77.2555385"/><trkpt lat="38.9744665" lon="-77.25578359999997"/><trkpt lat="38.9743643" lon="-77.25592069999999"/><trkpt lat="38.974277" lon="-77.25605789999997"/><trkpt lat="38.9742474" lon="-77.25614489999998"/><trkpt lat="38.9742367" lon="-77.2562656"/><trkpt lat="38.9742478" lon="-77.25637719999997"/><trkpt lat="38.9742698" lon="-77.2564501"/><trkpt lat="38.9744246" lon="-77.25660060000001"/><trkpt lat="38.9746208" lon="-77.25679259999998"/><trkpt lat="38.9747183" lon="-77.25692479999998"/><trkpt lat="38.9747985" lon="-77.25712069999997"/><trkpt lat="38.9748698" lon="-77.25729330000001"/><trkpt lat="38.9749428" lon="-77.25754340000003"/><trkpt lat="38.9749695" lon="-77.25773459999999"/><trkpt lat="38.9749631" lon="-77.25788460000001"/><trkpt lat="38.9749434" lon="-77.25793020000003"/><trkpt lat="38.9749157" lon="-77.25790970000003"/><trkpt lat="38.9748884" lon="-77.25793199999998"/><trkpt lat="38.9748483" lon="-77.25794969999998"/><trkpt lat="38.9748124" lon="-77.2579412"/><trkpt lat="38.974779" lon="-77.25794029999997"/><trkpt lat="38.974741" lon="-77.25792030000002"/><trkpt lat="38.9747116" lon="-77.2579174"/><trkpt lat="38.9747116" lon="-77.2579174"/><trkpt lat="38.974687" lon="-77.2579275"/><trkpt lat="38.9746552" lon="-77.25797920000002"/><trkpt lat="38.9746363" lon="-77.25807959999997"/><trkpt lat="38.9745754" lon="-77.25820529999999"/><trkpt lat="38.9744945" lon="-77.25831240000002"/><trkpt lat="38.974477" lon="-77.2583755"/><trkpt lat="38.9743924" lon="-77.2586159"/><trkpt lat="38.9743066" lon="-77.2589413"/><trkpt lat="38.9742718" lon="-77.2589868"/><trkpt lat="38.9741934" lon="-77.25903700000003"/><trkpt lat="38.9741618" lon="-77.25906409999999"/><trkpt lat="38.974017" lon="-77.25908190000001"/><trkpt lat="38.9739321" lon="-77.25929100000002"/><trkpt lat="38.9738239" lon="-77.2595043"/><trkpt lat="38.973723" lon="-77.2597197"/><trkpt lat="38.9734906" lon="-77.2599879"/><trkpt lat="38.9734427" lon="-77.26002289999997"/><trkpt lat="38.973369" lon="-77.2601297"/><trkpt lat="38.9732573" lon="-77.26029900000003"/><trkpt lat="38.973206" lon="-77.2605423"/><trkpt lat="38.97311" lon="-77.26081750000003"/><trkpt lat="38.9730899" lon="-77.26104750000002"/><trkpt lat="38.9730333" lon="-77.26145940000004"/><trkpt lat="38.972978" lon="-77.2618625"/><trkpt lat="38.9728776" lon="-77.26208380000003"/><trkpt lat="38.9727965" lon="-77.26235329999997"/><trkpt lat="38.9726025" lon="-77.26274380000001"/><trkpt lat="38.9725136" lon="-77.26284399999997"/><trkpt lat="38.9724222" lon="-77.26291630000003"/><trkpt lat="38.972136" lon="-77.262926"/><trkpt lat="38.9720517" lon="-77.26299919999997"/><trkpt lat="38.9719574" lon="-77.26308690000002"/><trkpt lat="38.9718669" lon="-77.26331800000003"/><trkpt lat="38.9717604" lon="-77.2635108"/><trkpt lat="38.9717313" lon="-77.26356350000003"/><trkpt lat="38.9716362" lon="-77.26382419999999"/><trkpt lat="38.9713988" lon="-77.2643013"/><trkpt lat="38.9711397" lon="-77.264567"/><trkpt lat="38.9711251" lon="-77.26458660000003"/><trkpt lat="38.9710768" lon="-77.2646512"/><trkpt lat="38.9710545" lon="-77.26472009999998"/><trkpt lat="38.9710464" lon="-77.26479169999999"/><trkpt lat="38.9711369" lon="-77.26499669999998"/><trkpt lat="38.9711555" lon="-77.26512279999997"/><trkpt lat="38.9711592" lon="-77.26518659999999"/><trkpt lat="38.9711448" lon="-77.26522690000002"/><trkpt lat="38.9709254" lon="-77.2656136"/><trkpt lat="38.9708989" lon="-77.26572020000003"/><trkpt lat="38.9707214" lon="-77.26604420000001"/><trkpt lat="38.9706294" lon="-77.26632259999997"/><trkpt lat="38.9706251" lon="-77.2665005"/><trkpt lat="38.9706454" lon="-77.2669108"/><trkpt lat="38.9706435" lon="-77.26712220000002"/><trkpt lat="38.9706321" lon="-77.26743599999998"/><trkpt lat="38.9705813" lon="-77.26773000000003"/><trkpt lat="38.9706068" lon="-77.26782939999998"/><trkpt lat="38.970623" lon="-77.2678664"/><trkpt lat="38.9706319" lon="-77.2679374"/><trkpt lat="38.9706455" lon="-77.2680406"/><trkpt lat="38.9706242" lon="-77.26826699999998"/><trkpt lat="38.970612" lon="-77.2683652"/><trkpt lat="38.970658" lon="-77.2684491"/><trkpt lat="38.9707246" lon="-77.26854609999998"/><trkpt lat="38.9707595" lon="-77.26868539999998"/><trkpt lat="38.9708345" lon="-77.26885770000001"/><trkpt lat="38.9708719" lon="-77.2689863"/><trkpt lat="38.970861" lon="-77.26909410000002"/><trkpt lat="38.9708167" lon="-77.26916030000001"/><trkpt lat="38.9707812" lon="-77.26919140000001"/><trkpt lat="38.9707324" lon="-77.269202"/><trkpt lat="38.9707643" lon="-77.2692677"/><trkpt lat="38.9712794" lon="-77.26992489999998"/><trkpt lat="38.9713272" lon="-77.27001689999997"/><trkpt lat="38.9713424" lon="-77.27008280000001"/><trkpt lat="38.971301" lon="-77.27053239999998"/><trkpt lat="38.9712455" lon="-77.27094769999997"/><trkpt lat="38.9712478" lon="-77.2711142"/><trkpt lat="38.9712461" lon="-77.27124620000001"/><trkpt lat="38.9712296" lon="-77.27132970000002"/><trkpt lat="38.971188" lon="-77.27141770000003"/><trkpt lat="38.971209" lon="-77.27157119999998"/><trkpt lat="38.9711878" lon="-77.27166890000001"/><trkpt lat="38.9712248" lon="-77.27196779999997"/><trkpt lat="38.9712067" lon="-77.2721378"/><trkpt lat="38.9711597" lon="-77.27229269999998"/><trkpt lat="38.9710628" lon="-77.2724566"/><trkpt lat="38.9709125" lon="-77.27262559999997"/><trkpt lat="38.970655" lon="-77.2729013"/><trkpt lat="38.970606" lon="-77.27304079999999"/><trkpt lat="38.9704827" lon="-77.27308249999999"/><trkpt lat="38.9703867" lon="-77.2731632"/><trkpt lat="38.9703144" lon="-77.27325200000001"/><trkpt lat="38.9703175" lon="-77.2733139"/><trkpt lat="38.9704329" lon="-77.27352840000003"/><trkpt lat="38.9704564" lon="-77.273818"/><trkpt lat="38.9704891" lon="-77.27408230000003"/><trkpt lat="38.9705479" lon="-77.27425289999996"/><trkpt lat="38.9706146" lon="-77.27432369999997"/><trkpt lat="38.970688" lon="-77.27434729999999"/><trkpt lat="38.970758" lon="-77.2743446"/><trkpt lat="38.9709024" lon="-77.27443089999997"/><trkpt lat="38.9710121" lon="-77.27455120000002"/><trkpt lat="38.9711455" lon="-77.27457800000002"/><trkpt lat="38.9713457" lon="-77.27458339999998"/><trkpt lat="38.9715709" lon="-77.27467990000002"/><trkpt lat="38.9718087" lon="-77.27463699999998"/><trkpt lat="38.9720172" lon="-77.27462630000002"/><trkpt lat="38.9722174" lon="-77.2745994"/><trkpt lat="38.9723467" lon="-77.27456189999998"/><trkpt lat="38.9725499" lon="-77.27463130000001"/><trkpt lat="38.9727321" lon="-77.27460289999999"/><trkpt lat="38.9728313" lon="-77.27464559999999"/><trkpt lat="38.9729862" lon="-77.27469759999997"/><trkpt lat="38.973138" lon="-77.27472929999999"/><trkpt lat="38.9732738" lon="-77.27473140000001"/><trkpt lat="38.973295" lon="-77.2747918"/><trkpt lat="38.9732808" lon="-77.2749551"/><trkpt lat="38.9732354" lon="-77.27508840000002"/><trkpt lat="38.9731432" lon="-77.27542019999999"/><trkpt lat="38.9730861" lon="-77.27572950000001"/><trkpt lat="38.9729734" lon="-77.27590150000003"/><trkpt lat="38.9729061" lon="-77.2760695"/><trkpt lat="38.972686" lon="-77.27637830000003"/><trkpt lat="38.9725208" lon="-77.2766613"/><trkpt lat="38.9723719" lon="-77.27679209999997"/><trkpt lat="38.9723002" lon="-77.27682920000001"/><trkpt lat="38.9722623" lon="-77.27684829999998"/><trkpt lat="38.9721159" lon="-77.27680199999998"/><trkpt lat="38.9720107" lon="-77.27667689999998"/><trkpt lat="38.9718483" lon="-77.27661890000002"/><trkpt lat="38.971738" lon="-77.27648349999998"/><trkpt lat="38.9716399" lon="-77.27626140000001"/><trkpt lat="38.9716097" lon="-77.27616769999997"/><trkpt lat="38.9715218" lon="-77.27616569999998"/><trkpt lat="38.9714442" lon="-77.27620089999999"/><trkpt lat="38.9711861" lon="-77.27621210000001"/><trkpt lat="38.9710413" lon="-77.27625510000001"/><trkpt lat="38.9708828" lon="-77.27641260000001"/><trkpt lat="38.9707011" lon="-77.27660200000003"/><trkpt lat="38.9706784" lon="-77.27665939999997"/><trkpt lat="38.970636" lon="-77.27685439999999"/><trkpt lat="38.9705867" lon="-77.27708849999999"/><trkpt lat="38.9705464" lon="-77.27727140000002"/><trkpt lat="38.9705311" lon="-77.27748759999997"/><trkpt lat="38.9705301" lon="-77.27764709999997"/><trkpt lat="38.9705737" lon="-77.2778965"/><trkpt lat="38.9706087" lon="-77.27811589999999"/><trkpt lat="38.970609" lon="-77.27820079999998"/><trkpt lat="38.9706465" lon="-77.27838589999999"/><trkpt lat="38.9706872" lon="-77.27848519999998"/><trkpt lat="38.9707403" lon="-77.2786903"/><trkpt lat="38.9707716" lon="-77.27886469999999"/><trkpt lat="38.9707893" lon="-77.27921200000003"/><trkpt lat="38.9707831" lon="-77.27934119999998"/><trkpt lat="38.970775" lon="-77.27937810000003"/><trkpt lat="38.9707312" lon="-77.27952670000002"/><trkpt lat="38.970635" lon="-77.27975200000003"/><trkpt lat="38.9705988" lon="-77.2798416"/><trkpt lat="38.9705722" lon="-77.27989789999998"/><trkpt lat="38.9705184" lon="-77.28001269999999"/><trkpt lat="38.9703386" lon="-77.28023400000001"/><trkpt lat="38.969901" lon="-77.28048910000001"/><trkpt lat="38.9690986" lon="-77.28108930000002"/><trkpt lat="38.9690339" lon="-77.28115259999998"/><trkpt lat="38.9689519" lon="-77.28128090000001"/><trkpt lat="38.9689052" lon="-77.28144359999999"/><trkpt lat="38.968899" lon="-77.2815549"/><trkpt lat="38.9689638" lon="-77.28173400000003"/><trkpt lat="38.9689941" lon="-77.28192180000002"/><trkpt lat="38.968972" lon="-77.2821419"/><trkpt lat="38.968925" lon="-77.2823462"/><trkpt lat="38.968923" lon="-77.28246419999999"/><trkpt lat="38.9689292" lon="-77.28259559999998"/><trkpt lat="38.9689292" lon="-77.28271899999999"/><trkpt lat="38.9688875" lon="-77.28288529999998"/><trkpt lat="38.9688479" lon="-77.28306229999998"/><trkpt lat="38.9688333" lon="-77.28316159999997"/><trkpt lat="38.9688249" lon="-77.283344"/><trkpt lat="38.9688138" lon="-77.283501"/><trkpt lat="38.968777" lon="-77.2836524"/><trkpt lat="38.9686119" lon="-77.28411410000001"/><trkpt lat="38.9682853" lon="-77.28502739999999"/><trkpt lat="38.9679467" lon="-77.28572489999999"/><trkpt lat="38.9677823" lon="-77.2861787"/><trkpt lat="38.967678" lon="-77.2863936"/><trkpt lat="38.9675414" lon="-77.2865827"/><trkpt lat="38.9675179" lon="-77.28666090000002"/><trkpt lat="38.9675011" lon="-77.28673659999998"/><trkpt lat="38.9674058" lon="-77.2868858"/><trkpt lat="38.9673641" lon="-77.2870307"/><trkpt lat="38.9674048" lon="-77.2873472"/><trkpt lat="38.9675418" lon="-77.28817930000002"/><trkpt lat="38.9675687" lon="-77.28846069999997"/><trkpt lat="38.9675665" lon="-77.28851280000003"/><trkpt lat="38.96755" lon="-77.288565"/><trkpt lat="38.9675508" lon="-77.28861549999999"/><trkpt lat="38.9675602" lon="-77.28900540000001"/><trkpt lat="38.9675827" lon="-77.2891424"/><trkpt lat="38.9675643" lon="-77.28927299999998"/><trkpt lat="38.96752" lon="-77.28948500000001"/><trkpt lat="38.967438" lon="-77.290008"/><trkpt lat="38.96737" lon="-77.29037499999998"/><trkpt lat="38.967361" lon="-77.29049600000002"/><trkpt lat="38.967365" lon="-77.29061100000001"/><trkpt lat="38.967385" lon="-77.29073599999998"/><trkpt lat="38.967416" lon="-77.29085099999998"/><trkpt lat="38.967451" lon="-77.29094499999997"/><trkpt lat="38.9674202" lon="-77.29101450000002"/><trkpt lat="38.9673754" lon="-77.29110259999999"/><trkpt lat="38.9673589" lon="-77.2911492"/><trkpt lat="38.9673257" lon="-77.29119409999998"/><trkpt lat="38.9672336" lon="-77.2912498"/><trkpt lat="38.9671104" lon="-77.29132479999998"/><trkpt lat="38.9670328" lon="-77.29136260000001"/><trkpt lat="38.9670362" lon="-77.29141179999999"/><trkpt lat="38.9670214" lon="-77.29147139999998"/><trkpt lat="38.967006" lon="-77.29150800000002"/><trkpt lat="38.9669851" lon="-77.29153810000003"/><trkpt lat="38.9669601" lon="-77.29155760000003"/><trkpt lat="38.9668766" lon="-77.29161590000001"/><trkpt lat="38.966726" lon="-77.29173789999999"/><trkpt lat="38.966702" lon="-77.2915979"/><trkpt lat="38.966656" lon="-77.29143249999998"/><trkpt lat="38.9665452" lon="-77.2914283"/><trkpt lat="38.9664265" lon="-77.2913944"/><trkpt lat="38.9662532" lon="-77.29125590000001"/><trkpt lat="38.9659467" lon="-77.2911497"/><trkpt lat="38.9657743" lon="-77.29099680000002"/><trkpt lat="38.9656204" lon="-77.29093469999998"/><trkpt lat="38.9652038" lon="-77.29054050000002"/><trkpt lat="38.9647625" lon="-77.2903531"/><trkpt lat="38.9645411" lon="-77.2902262"/><trkpt lat="38.964416" lon="-77.2902267"/><trkpt lat="38.9642237" lon="-77.290231"/><trkpt lat="38.9640396" lon="-77.29028849999997"/><trkpt lat="38.9639159" lon="-77.2902537"/><trkpt lat="38.9636437" lon="-77.29018459999998"/><trkpt lat="38.9635228" lon="-77.2901766"/><trkpt lat="38.9633523" lon="-77.29022170000002"/><trkpt lat="38.9631245" lon="-77.2901"/><trkpt lat="38.9629779" lon="-77.29012749999998"/><trkpt lat="38.9628617" lon="-77.29020539999999"/><trkpt lat="38.9627722" lon="-77.29034430000002"/><trkpt lat="38.9626284" lon="-77.2904244"/><trkpt lat="38.9625204" lon="-77.2905505"/><trkpt lat="38.9623636" lon="-77.29072289999999"/><trkpt lat="38.96232" lon="-77.29078549999997"/><trkpt lat="38.9622656" lon="-77.29093449999999"/><trkpt lat="38.9621801" lon="-77.291113"/><trkpt lat="38.9620556" lon="-77.29126129999997"/><trkpt lat="38.9619479" lon="-77.2913165"/><trkpt lat="38.9619103" lon="-77.2914212"/><trkpt lat="38.9618964" lon="-77.2916103"/><trkpt lat="38.9618659" lon="-77.29176749999999"/><trkpt lat="38.9617666" lon="-77.2919809"/><trkpt lat="38.9616282" lon="-77.29224019999998"/><trkpt lat="38.9615227" lon="-77.29239580000001"/><trkpt lat="38.9614804" lon="-77.2925161"/><trkpt lat="38.9613987" lon="-77.2926291"/><trkpt lat="38.9612523" lon="-77.2927085"/><trkpt lat="38.961054" lon="-77.29274829999997"/><trkpt lat="38.9608197" lon="-77.29245909999997"/><trkpt lat="38.9605862" lon="-77.29248459999997"/><trkpt lat="38.9604432" lon="-77.29237280000001"/><trkpt lat="38.9604053" lon="-77.29232589999998"/><trkpt lat="38.9603157" lon="-77.29208849999998"/><trkpt lat="38.9602989" lon="-77.29197160000001"/><trkpt lat="38.960268" lon="-77.29194100000001"/><trkpt lat="38.9602153" lon="-77.29195170000003"/><trkpt lat="38.9601701" lon="-77.2920236"/><trkpt lat="38.9600657" lon="-77.29207459999998"/><trkpt lat="38.9599531" lon="-77.29213090000002"/><trkpt lat="38.9598518" lon="-77.29216650000001"/><trkpt lat="38.9598071" lon="-77.2921819"/><trkpt lat="38.9597049" lon="-77.29220329999998"/><trkpt lat="38.9595062" lon="-77.29221369999999"/><trkpt lat="38.95887" lon="-77.29209370000001"/><trkpt lat="38.9580993" lon="-77.2919513"/><trkpt lat="38.9577381" lon="-77.29188149999999"/><trkpt lat="38.9564642" lon="-77.2916606"/><trkpt lat="38.9550913" lon="-77.29138790000002"/><trkpt lat="38.9544439" lon="-77.2912715"/><trkpt lat="38.9542874" lon="-77.29124919999998"/><trkpt lat="38.9538687" lon="-77.29118399999999"/><trkpt lat="38.9537627" lon="-77.2911962"/><trkpt lat="38.9536844" lon="-77.2912364"/><trkpt lat="38.9536156" lon="-77.29129539999997"/><trkpt lat="38.9535992" lon="-77.29130910000003"/><trkpt lat="38.953504" lon="-77.2914523"/><trkpt lat="38.9534633" lon="-77.29153200000002"/><trkpt lat="38.9534394" lon="-77.29158560000002"/><trkpt lat="38.9534072" lon="-77.29161190000002"/><trkpt lat="38.9533711" lon="-77.2916179"/><trkpt lat="38.9533441" lon="-77.29161579999999"/><trkpt lat="38.9532359" lon="-77.29157140000001"/><trkpt lat="38.9531669" lon="-77.29154849999998"/><trkpt lat="38.9531097" lon="-77.29148929999997"/><trkpt lat="38.9530769" lon="-77.29140949999999"/><trkpt lat="38.9530607" lon="-77.29137579999997"/><trkpt lat="38.9529888" lon="-77.29132629999998"/><trkpt lat="38.9529391" lon="-77.29129519999998"/><trkpt lat="38.952721" lon="-77.29110200000002"/><trkpt lat="38.9527016" lon="-77.29107429999999"/><trkpt lat="38.9523498" lon="-77.29055870000002"/><trkpt lat="38.9522972" lon="-77.29046949999997"/><trkpt lat="38.9522821" lon="-77.29044920000001"/><trkpt lat="38.9522583" lon="-77.29043509999997"/><trkpt lat="38.9522166" lon="-77.29043739999997"/><trkpt lat="38.9521559" lon="-77.2904608"/><trkpt lat="38.9520183" lon="-77.29054389999999"/><trkpt lat="38.9519157" lon="-77.29064360000001"/><trkpt lat="38.951832" lon="-77.29075699999999"/><trkpt lat="38.951696" lon="-77.29082"/><trkpt lat="38.9515832" lon="-77.29081919999999"/><trkpt lat="38.9514553" lon="-77.29085499999997"/><trkpt lat="38.9514081" lon="-77.2908759"/><trkpt lat="38.9513253" lon="-77.2909601"/><trkpt lat="38.9512701" lon="-77.29107140000002"/><trkpt lat="38.9510932" lon="-77.29164509999998"/><trkpt lat="38.9510312" lon="-77.29179429999999"/><trkpt lat="38.9509" lon="-77.291946"/><trkpt lat="38.9507934" lon="-77.2919981"/><trkpt lat="38.950628" lon="-77.29207200000002"/><trkpt lat="38.9503095" lon="-77.29210669999998"/><trkpt lat="38.950127" lon="-77.29212819999998"/><trkpt lat="38.9499481" lon="-77.2921902"/><trkpt lat="38.9498391" lon="-77.29220199999997"/><trkpt lat="38.9497359" lon="-77.29216580000002"/><trkpt lat="38.9495002" lon="-77.2920464"/><trkpt lat="38.949214" lon="-77.29197899999997"/><trkpt lat="38.9491122" lon="-77.29191630000003"/><trkpt lat="38.9488546" lon="-77.2917286"/><trkpt lat="38.9488191" lon="-77.29171250000002"/><trkpt lat="38.948743" lon="-77.29168300000003"/><trkpt lat="38.9486251" lon="-77.2916803"/><trkpt lat="38.948192" lon="-77.291811"/><trkpt lat="38.948084" lon="-77.29181"/><trkpt lat="38.947905" lon="-77.29177199999998"/><trkpt lat="38.947797" lon="-77.29177800000002"/><trkpt lat="38.947523" lon="-77.291897"/><trkpt lat="38.9473954" lon="-77.29191359999999"/><trkpt lat="38.9471618" lon="-77.29189350000001"/><trkpt lat="38.947017" lon="-77.29191800000001"/><trkpt lat="38.9469187" lon="-77.29191900000001"/><trkpt lat="38.9468009" lon="-77.2918828"/><trkpt lat="38.94644" lon="-77.29238399999997"/><trkpt lat="38.946292" lon="-77.292667"/><trkpt lat="38.9461495" lon="-77.29276349999998"/><trkpt lat="38.9460621" lon="-77.29282280000001"/><trkpt lat="38.9453611" lon="-77.29283889999999"/><trkpt lat="38.945098" lon="-77.29283399999997"/><trkpt lat="38.944939" lon="-77.29271599999998"/><trkpt lat="38.944831" lon="-77.29269099999999"/><trkpt lat="38.944611" lon="-77.29267600000003"/><trkpt lat="38.94438" lon="-77.29253"/><trkpt lat="38.944074" lon="-77.29236800000001"/><trkpt lat="38.9438423" lon="-77.29236880000002"/><trkpt lat="38.943781" lon="-77.29236900000001"/><trkpt lat="38.943577" lon="-77.29247800000002"/><trkpt lat="38.9435169" lon="-77.29252059999999"/><trkpt lat="38.943463" lon="-77.29253870000002"/><trkpt lat="38.9434262" lon="-77.29252229999997"/><trkpt lat="38.9434078" lon="-77.29249299999998"/><trkpt lat="38.9433431" lon="-77.29236939999998"/><trkpt lat="38.943254" lon="-77.29228369999998"/><trkpt lat="38.9431845" lon="-77.29223150000001"/><trkpt lat="38.9431295" lon="-77.29220989999999"/><trkpt lat="38.9430601" lon="-77.29219510000001"/><trkpt lat="38.9429717" lon="-77.29224260000001"/><trkpt lat="38.9429261" lon="-77.29231379999999"/><trkpt lat="38.9429458" lon="-77.29242490000001"/><trkpt lat="38.9429313" lon="-77.2925118"/><trkpt lat="38.9428642" lon="-77.29269169999998"/><trkpt lat="38.942757" lon="-77.292843"/><trkpt lat="38.942697" lon="-77.29296299999999"/><trkpt lat="38.9425754" lon="-77.29307779999999"/><trkpt lat="38.9425476" lon="-77.29311359999997"/><trkpt lat="38.9425017" lon="-77.29319179999999"/><trkpt lat="38.942497" lon="-77.2932242"/><trkpt lat="38.9425332" lon="-77.2933246"/><trkpt lat="38.9425637" lon="-77.29340450000001"/><trkpt lat="38.9425632" lon="-77.29350599999998"/><trkpt lat="38.9425319" lon="-77.29355420000002"/><trkpt lat="38.9424967" lon="-77.2935971"/><trkpt lat="38.9424803" lon="-77.29363790000002"/><trkpt lat="38.9424765" lon="-77.29367409999998"/><trkpt lat="38.9425004" lon="-77.29374910000001"/><trkpt lat="38.9425263" lon="-77.29381230000001"/><trkpt lat="38.942556" lon="-77.29387439999999"/><trkpt lat="38.9425882" lon="-77.29399860000001"/><trkpt lat="38.9425755" lon="-77.29412869999999"/><trkpt lat="38.9425783" lon="-77.29423839999998"/><trkpt lat="38.942726" lon="-77.29459500000002"/><trkpt lat="38.9427593" lon="-77.2946824"/><trkpt lat="38.9427571" lon="-77.29477789999999"/><trkpt lat="38.942722" lon="-77.294915"/><trkpt lat="38.942624" lon="-77.295054"/><trkpt lat="38.942587" lon="-77.29513500000002"/><trkpt lat="38.942549" lon="-77.295365"/><trkpt lat="38.9425108" lon="-77.29553190000001"/><trkpt lat="38.9424997" lon="-77.2956886"/><trkpt lat="38.9425182" lon="-77.29582170000003"/><trkpt lat="38.9425713" lon="-77.29590740000003"/><trkpt lat="38.9426485" lon="-77.29600399999998"/><trkpt lat="38.942785" lon="-77.29620899999998"/><trkpt lat="38.9428451" lon="-77.29630580000003"/><trkpt lat="38.9428623" lon="-77.29640419999998"/><trkpt lat="38.9428714" lon="-77.2964589"/><trkpt lat="38.942724" lon="-77.2966477"/><trkpt lat="38.9425693" lon="-77.29677470000001"/><trkpt lat="38.9424732" lon="-77.29680580000002"/><trkpt lat="38.9424388" lon="-77.29688379999999"/><trkpt lat="38.9424117" lon="-77.29694949999998"/><trkpt lat="38.9423658" lon="-77.29693470000001"/><trkpt lat="38.9423226" lon="-77.29688850000002"/><trkpt lat="38.9421979" lon="-77.2968717"/><trkpt lat="38.9421261" lon="-77.29692469999998"/><trkpt lat="38.9420446" lon="-77.29705680000001"/><trkpt lat="38.9418226" lon="-77.29730510000002"/><trkpt lat="38.941339" lon="-77.29767700000002"/><trkpt lat="38.9409985" lon="-77.29795089999999"/><trkpt lat="38.940601" lon="-77.29816900000003"/><trkpt lat="38.940481" lon="-77.29827499999999"/><trkpt lat="38.940191" lon="-77.29846600000002"/><trkpt lat="38.9400611" lon="-77.2985481"/><trkpt lat="38.9399081" lon="-77.29857759999999"/><trkpt lat="38.9397913" lon="-77.2985653"/><trkpt lat="38.9395412" lon="-77.29853109999999"/><trkpt lat="38.939093" lon="-77.298336"/><trkpt lat="38.93895" lon="-77.29831200000001"/><trkpt lat="38.938732" lon="-77.298317"/><trkpt lat="38.938593" lon="-77.29836899999998"/><trkpt lat="38.93853" lon="-77.29841499999998"/><trkpt lat="38.9382612" lon="-77.29876150000001"/><trkpt lat="38.938222" lon="-77.298812"/><trkpt lat="38.9381141" lon="-77.29889070000002"/><trkpt lat="38.9379833" lon="-77.29894050000001"/><trkpt lat="38.9379541" lon="-77.29896080000003"/><trkpt lat="38.9379283" lon="-77.29898149999997"/><trkpt lat="38.937813" lon="-77.298881"/><trkpt lat="38.937484" lon="-77.29851100000002"/><trkpt lat="38.937131" lon="-77.297976"/><trkpt lat="38.9368137" lon="-77.29762249999999"/><trkpt lat="38.936728" lon="-77.29750100000001"/><trkpt lat="38.936626" lon="-77.29730699999999"/><trkpt lat="38.936455" lon="-77.29684099999997"/><trkpt lat="38.936344" lon="-77.296493"/><trkpt lat="38.936287" lon="-77.29617400000001"/><trkpt lat="38.936197" lon="-77.29557399999999"/><trkpt lat="38.936039" lon="-77.29489899999999"/><trkpt lat="38.935928" lon="-77.294716"/><trkpt lat="38.93548" lon="-77.294396"/><trkpt lat="38.935365" lon="-77.29428000000001"/><trkpt lat="38.935116" lon="-77.29421300000001"/><trkpt lat="38.93497" lon="-77.29421300000001"/><trkpt lat="38.934465" lon="-77.29429800000003"/><trkpt lat="38.9343046" lon="-77.29440199999999"/><trkpt lat="38.9339623" lon="-77.29457020000001"/><trkpt lat="38.9337972" lon="-77.29463829999997"/><trkpt lat="38.9336241" lon="-77.29474299999998"/><trkpt lat="38.9335114" lon="-77.29489360000002"/><trkpt lat="38.933474" lon="-77.29511100000002"/><trkpt lat="38.9333732" lon="-77.2953233"/><trkpt lat="38.933367" lon="-77.29539"/><trkpt lat="38.9332849" lon="-77.2956676"/><trkpt lat="38.933354" lon="-77.29606000000001"/><trkpt lat="38.933356" lon="-77.29634199999998"/><trkpt lat="38.9333656" lon="-77.29643880000003"/><trkpt lat="38.933213" lon="-77.296716"/><trkpt lat="38.933192" lon="-77.296805"/><trkpt lat="38.933225" lon="-77.29693600000002"/><trkpt lat="38.9333565" lon="-77.29709029999998"/><trkpt lat="38.9334273" lon="-77.2971389"/><trkpt lat="38.933434" lon="-77.29728080000001"/><trkpt lat="38.9333828" lon="-77.29742420000002"/><trkpt lat="38.933227" lon="-77.29768999999999"/><trkpt lat="38.9331461" lon="-77.29793519999998"/><trkpt lat="38.9330969" lon="-77.29809080000001"/><trkpt lat="38.932954" lon="-77.29817600000001"/><trkpt lat="38.932897" lon="-77.298293"/><trkpt lat="38.932857" lon="-77.29861900000003"/><trkpt lat="38.9328327" lon="-77.29894530000001"/><trkpt lat="38.932798" lon="-77.29928569999998"/><trkpt lat="38.9327688" lon="-77.29945470000001"/><trkpt lat="38.9327858" lon="-77.29957079999997"/><trkpt lat="38.9327563" lon="-77.29964689999997"/><trkpt lat="38.9326593" lon="-77.29960490000002"/><trkpt lat="38.932609" lon="-77.29960299999999"/><trkpt lat="38.9325185" lon="-77.29961020000002"/><trkpt lat="38.9323747" lon="-77.29967399999998"/><trkpt lat="38.9323223" lon="-77.29972959999998"/><trkpt lat="38.9322838" lon="-77.29980339999997"/><trkpt lat="38.9321919" lon="-77.3001284"/><trkpt lat="38.932132" lon="-77.30022020000001"/><trkpt lat="38.9319582" lon="-77.30038669999999"/><trkpt lat="38.9319168" lon="-77.30046419999996"/><trkpt lat="38.9319587" lon="-77.30071470000001"/><trkpt lat="38.932013" lon="-77.30097639999997"/><trkpt lat="38.9320424" lon="-77.30113610000001"/><trkpt lat="38.932049" lon="-77.30121489999999"/><trkpt lat="38.9320377" lon="-77.3012703"/><trkpt lat="38.9320323" lon="-77.30135489999998"/><trkpt lat="38.9320268" lon="-77.30143959999998"/><trkpt lat="38.9320279" lon="-77.30149690000002"/><trkpt lat="38.9320663" lon="-77.30167799999998"/><trkpt lat="38.9320949" lon="-77.30183499999998"/><trkpt lat="38.9321259" lon="-77.30196760000001"/><trkpt lat="38.9321438" lon="-77.3021109"/><trkpt lat="38.9321498" lon="-77.30232230000001"/><trkpt lat="38.932145" lon="-77.3024919"/><trkpt lat="38.9321546" lon="-77.30263400000001"/><trkpt lat="38.9321868" lon="-77.30282870000002"/><trkpt lat="38.9322155" lon="-77.30302340000003"/><trkpt lat="38.9322322" lon="-77.3031416"/><trkpt lat="38.9322573" lon="-77.30332679999998"/><trkpt lat="38.9322776" lon="-77.30346409999999"/><trkpt lat="38.9322943" lon="-77.3035322"/><trkpt lat="38.9323234" lon="-77.30359780000003"/><trkpt lat="38.9323543" lon="-77.3036578"/><trkpt lat="38.9323874" lon="-77.30374330000001"/><trkpt lat="38.93242" lon="-77.30382179999998"/><trkpt lat="38.9324592" lon="-77.30390599999998"/><trkpt lat="38.9325093" lon="-77.3040661"/><trkpt lat="38.9325555" lon="-77.3042982"/><trkpt lat="38.9325953" lon="-77.30446619999998"/><trkpt lat="38.9326497" lon="-77.30468919999998"/><trkpt lat="38.9326716" lon="-77.30479220000001"/><trkpt lat="38.932679" lon="-77.30485420000002"/><trkpt lat="38.9326787" lon="-77.30490250000003"/><trkpt lat="38.9326753" lon="-77.30495000000002"/><trkpt lat="38.9327" lon="-77.305028"/><trkpt lat="38.9327327" lon="-77.3051307"/><trkpt lat="38.9327581" lon="-77.30517900000001"/><trkpt lat="38.9327776" lon="-77.30522180000003"/><trkpt lat="38.9328307" lon="-77.30533359999998"/><trkpt lat="38.9328835" lon="-77.3054962"/><trkpt lat="38.93294" lon="-77.30567980000001"/><trkpt lat="38.9330919" lon="-77.30606869999997"/><trkpt lat="38.9331804" lon="-77.30624840000002"/><trkpt lat="38.9332636" lon="-77.30644210000003"/><trkpt lat="38.9335948" lon="-77.30728490000001"/><trkpt lat="38.9337061" lon="-77.30757549999998"/><trkpt lat="38.9339026" lon="-77.3078822"/><trkpt lat="38.9342469" lon="-77.30839730000002"/><trkpt lat="38.9344989" lon="-77.30881490000002"/><trkpt lat="38.9347625" lon="-77.30920450000002"/><trkpt lat="38.9349305" lon="-77.30945880000002"/><trkpt lat="38.9349875" lon="-77.30956520000001"/><trkpt lat="38.9350273" lon="-77.30967650000002"/><trkpt lat="38.9350553" lon="-77.30972180000003"/><trkpt lat="38.9350885" lon="-77.30975760000001"/><trkpt lat="38.9351553" lon="-77.30981489999999"/><trkpt lat="38.9353037" lon="-77.31006289999999"/><trkpt lat="38.9354413" lon="-77.31021220000002"/><trkpt lat="38.9355514" lon="-77.31036990000001"/><trkpt lat="38.9356123" lon="-77.31055019999997"/><trkpt lat="38.9356484" lon="-77.31065060000003"/><trkpt lat="38.9356979" lon="-77.31072410000002"/><trkpt lat="38.9358505" lon="-77.31095270000003"/><trkpt lat="38.9359429" lon="-77.31106850000003"/><trkpt lat="38.9360166" lon="-77.31118839999999"/><trkpt lat="38.9360367" lon="-77.31122099999999"/><trkpt lat="38.9361298" lon="-77.31139350000001"/><trkpt lat="38.9362442" lon="-77.3116182"/><trkpt lat="38.9362915" lon="-77.31169669999997"/><trkpt lat="38.9370324" lon="-77.31314050000003"/><trkpt lat="38.9371374" lon="-77.31335530000001"/><trkpt lat="38.9371691" lon="-77.3134437"/><trkpt lat="38.9371875" lon="-77.31349490000002"/><trkpt lat="38.9371444" lon="-77.31354850000002"/><trkpt lat="38.9371294" lon="-77.3135699"/><trkpt lat="38.9370903" lon="-77.31358950000003"/><trkpt lat="38.9370507" lon="-77.3136058"/><trkpt lat="38.9370197" lon="-77.3136313"/><trkpt lat="38.9369964" lon="-77.31366330000003"/><trkpt lat="38.9369799" lon="-77.31370140000001"/><trkpt lat="38.9369326" lon="-77.31379279999999"/><trkpt lat="38.9369017" lon="-77.31382919999999"/><trkpt lat="38.9368637" lon="-77.3138619"/><trkpt lat="38.9368033" lon="-77.31389539999998"/><trkpt lat="38.936737" lon="-77.31391989999997"/><trkpt lat="38.9366356" lon="-77.31392260000001"/><trkpt lat="38.93654" lon="-77.31389209999998"/><trkpt lat="38.9363825" lon="-77.31380489999998"/><trkpt lat="38.9362208" lon="-77.31374390000002"/><trkpt lat="38.9359816" lon="-77.3136197"/><trkpt lat="38.9357954" lon="-77.31352559999999"/><trkpt lat="38.935615" lon="-77.31346280000002"/><trkpt lat="38.9354418" lon="-77.3133934"/><trkpt lat="38.9353125" lon="-77.31335309999997"/><trkpt lat="38.9351872" lon="-77.31329949999997"/><trkpt lat="38.9350903" lon="-77.3132865"/><trkpt lat="38.9348855" lon="-77.31328280000002"/><trkpt lat="38.9346972" lon="-77.31324180000001"/><trkpt lat="38.9345827" lon="-77.31326150000001"/><trkpt lat="38.9345704" lon="-77.31331499999999"/><trkpt lat="38.9345612" lon="-77.31337689999998"/><trkpt lat="38.9345566" lon="-77.3134518"/><trkpt lat="38.9345553" lon="-77.31347949999997"/><trkpt lat="38.934332" lon="-77.31353409999997"/><trkpt lat="38.9341693" lon="-77.31371260000003"/><trkpt lat="38.934052" lon="-77.31391710000003"/><trkpt lat="38.9339459" lon="-77.3141607"/><trkpt lat="38.9339159" lon="-77.31431520000001"/><trkpt lat="38.9339226" lon="-77.31454209999998"/><trkpt lat="38.9339384" lon="-77.31475080000001"/><trkpt lat="38.9339778" lon="-77.31512859999998"/><trkpt lat="38.9343016" lon="-77.31551760000002"/><trkpt lat="38.9343412" lon="-77.31567259999997"/><trkpt lat="38.9343527" lon="-77.31581729999999"/><trkpt lat="38.9343585" lon="-77.3161455"/><trkpt lat="38.93437" lon="-77.31671640000002"/><trkpt lat="38.9344033" lon="-77.31706659999998"/><trkpt lat="38.9344925" lon="-77.3175766"/><trkpt lat="38.9344799" lon="-77.3178992"/><trkpt lat="38.9344786" lon="-77.3181305"/><trkpt lat="38.9344375" lon="-77.31826409999996"/><trkpt lat="38.9343477" lon="-77.31836020000003"/><trkpt lat="38.9342485" lon="-77.31848600000001"/><trkpt lat="38.9341977" lon="-77.31862409999997"/><trkpt lat="38.9341782" lon="-77.31880139999998"/><trkpt lat="38.9341891" lon="-77.3189309"/><trkpt lat="38.9342457" lon="-77.3192613"/><trkpt lat="38.9342714" lon="-77.31945999999999"/><trkpt lat="38.9343442" lon="-77.31960019999997"/><trkpt lat="38.9345577" lon="-77.31977640000002"/><trkpt lat="38.9345354" lon="-77.31982900000003"/><trkpt lat="38.9343426" lon="-77.32018399999998"/><trkpt lat="38.9342537" lon="-77.3203474"/><trkpt lat="38.9341712" lon="-77.3204824"/><trkpt lat="38.9341187" lon="-77.3205481"/><trkpt lat="38.9340835" lon="-77.32057850000001"/><trkpt lat="38.9340491" lon="-77.32059370000002"/><trkpt lat="38.9340045" lon="-77.32060000000001"/><trkpt lat="38.933858" lon="-77.32058469999998"/><trkpt lat="38.9338249" lon="-77.3205888"/><trkpt lat="38.9337777" lon="-77.32060890000002"/><trkpt lat="38.9337333" lon="-77.32064279999997"/><trkpt lat="38.933611" lon="-77.32089989999997"/><trkpt lat="38.9335187" lon="-77.32107689999998"/><trkpt lat="38.9334337" lon="-77.32120470000001"/><trkpt lat="38.9333836" lon="-77.3212653"/><trkpt lat="38.9333316" lon="-77.32132430000001"/><trkpt lat="38.933253" lon="-77.32137790000002"/><trkpt lat="38.9331854" lon="-77.3214226"/><trkpt lat="38.933133" lon="-77.3214577"/><trkpt lat="38.9331173" lon="-77.3214863"/><trkpt lat="38.9331122" lon="-77.32153820000002"/><trkpt lat="38.9330996" lon="-77.32161630000002"/><trkpt lat="38.9330349" lon="-77.32182899999998"/><trkpt lat="38.9330274" lon="-77.32189690000001"/><trkpt lat="38.9330295" lon="-77.32195179999997"/><trkpt lat="38.9330254" lon="-77.32207929999998"/><trkpt lat="38.9330479" lon="-77.32221449999997"/><trkpt lat="38.9331161" lon="-77.32231769999999"/><trkpt lat="38.9331369" lon="-77.3223792"/><trkpt lat="38.9331402" lon="-77.3223903"/><trkpt lat="38.9331563" lon="-77.32253350000002"/><trkpt lat="38.9331342" lon="-77.32272790000002"/><trkpt lat="38.9331479" lon="-77.32278910000002"/><trkpt lat="38.9331809" lon="-77.32285289999999"/><trkpt lat="38.9332814" lon="-77.32296889999998"/><trkpt lat="38.9333815" lon="-77.32309409999999"/><trkpt lat="38.9334181" lon="-77.32315679999999"/><trkpt lat="38.9334417" lon="-77.3232319"/><trkpt lat="38.9334441" lon="-77.323377"/><trkpt lat="38.9333544" lon="-77.32377300000002"/><trkpt lat="38.9332897" lon="-77.3239939"/><trkpt lat="38.9332478" lon="-77.324094"/><trkpt lat="38.9332042" lon="-77.3241683"/><trkpt lat="38.9331399" lon="-77.3242348"/><trkpt lat="38.9329052" lon="-77.324386"/><trkpt lat="38.932761" lon="-77.32447619999999"/><trkpt lat="38.9326398" lon="-77.32454330000002"/><trkpt lat="38.9325243" lon="-77.3245958"/><trkpt lat="38.9324849" lon="-77.32461039999998"/><trkpt lat="38.9323066" lon="-77.32465869999999"/><trkpt lat="38.9322285" lon="-77.32467229999997"/><trkpt lat="38.9321613" lon="-77.32467639999999"/><trkpt lat="38.9319617" lon="-77.3246747"/><trkpt lat="38.931824" lon="-77.3247096"/><trkpt lat="38.9317768" lon="-77.32472389999998"/><trkpt lat="38.9317342" lon="-77.32474130000003"/><trkpt lat="38.9317107" lon="-77.32475999999997"/><trkpt lat="38.9316694" lon="-77.32481369999999"/><trkpt lat="38.9316013" lon="-77.3249022"/><trkpt lat="38.9315271" lon="-77.32485359999998"/><trkpt lat="38.9314268" lon="-77.32478779999997"/><trkpt lat="38.9313004" lon="-77.32474350000001"/><trkpt lat="38.9310163" lon="-77.32471599999997"/><trkpt lat="38.9307943" lon="-77.3249212"/><trkpt lat="38.9307412" lon="-77.32501230000003"/><trkpt lat="38.9306825" lon="-77.32520729999999"/><trkpt lat="38.9306" lon="-77.32527119999997"/><trkpt lat="38.930469" lon="-77.32529579999999"/><trkpt lat="38.9303957" lon="-77.32533109999997"/><trkpt lat="38.9302183" lon="-77.32554319999997"/><trkpt lat="38.9301442" lon="-77.32566059999999"/><trkpt lat="38.9300268" lon="-77.32578949999998"/><trkpt lat="38.9299376" lon="-77.32585089999998"/><trkpt lat="38.9297263" lon="-77.32590199999999"/><trkpt lat="38.9295322" lon="-77.32589619999999"/><trkpt lat="38.9292138" lon="-77.32591980000001"/><trkpt lat="38.9291788" lon="-77.32593250000002"/><trkpt lat="38.9291597" lon="-77.32595509999999"/><trkpt lat="38.9291454" lon="-77.32598180000002"/><trkpt lat="38.9291156" lon="-77.32605760000001"/><trkpt lat="38.9290821" lon="-77.32627730000002"/><trkpt lat="38.9289853" lon="-77.32660850000002"/><trkpt lat="38.9289661" lon="-77.32664249999999"/><trkpt lat="38.9289509" lon="-77.32666130000001"/><trkpt lat="38.9288781" lon="-77.3267065"/><trkpt lat="38.9286022" lon="-77.3269563"/><trkpt lat="38.9282952" lon="-77.32730909999998"/><trkpt lat="38.9281512" lon="-77.32750829999998"/><trkpt lat="38.9278755" lon="-77.32780600000001"/><trkpt lat="38.9277101" lon="-77.32791359999999"/><trkpt lat="38.9275001" lon="-77.32813269999997"/><trkpt lat="38.9273537" lon="-77.32823239999999"/><trkpt lat="38.9273175" lon="-77.32827780000002"/><trkpt lat="38.9271328" lon="-77.32854470000001"/><trkpt lat="38.9267178" lon="-77.32900010000003"/><trkpt lat="38.9264934" lon="-77.32927919999997"/><trkpt lat="38.9263071" lon="-77.32946659999999"/><trkpt lat="38.9261667" lon="-77.3296403"/><trkpt lat="38.9259688" lon="-77.32981089999998"/><trkpt lat="38.9258786" lon="-77.329902"/><trkpt lat="38.9258388" lon="-77.32993850000003"/><trkpt lat="38.9258139" lon="-77.32996780000002"/><trkpt lat="38.9257817" lon="-77.33005200000002"/><trkpt lat="38.9257652" lon="-77.330129"/><trkpt lat="38.9257452" lon="-77.33025470000001"/><trkpt lat="38.925721" lon="-77.33031920000002"/><trkpt lat="38.9255786" lon="-77.33050259999999"/><trkpt lat="38.9254902" lon="-77.33065579999999"/><trkpt lat="38.925385" lon="-77.33073189999999"/><trkpt lat="38.9253067" lon="-77.33076740000001"/><trkpt lat="38.9252343" lon="-77.33078660000001"/><trkpt lat="38.9251971" lon="-77.3307623"/><trkpt lat="38.925115" lon="-77.3306996"/><trkpt lat="38.925058" lon="-77.33066020000001"/><trkpt lat="38.924945" lon="-77.33058160000002"/><trkpt lat="38.9246493" lon="-77.33040979999998"/><trkpt lat="38.924554" lon="-77.3303343"/><trkpt lat="38.9246364" lon="-77.33013640000001"/><trkpt lat="38.9247291" lon="-77.32999970000003"/><trkpt lat="38.9249089" lon="-77.32996000000003"/><trkpt lat="38.9250651" lon="-77.3299518"/><trkpt lat="38.9251529" lon="-77.32993049999999"/><trkpt lat="38.9252535" lon="-77.32983969999998"/><trkpt lat="38.9253485" lon="-77.32950820000002"/><trkpt lat="38.9253198" lon="-77.32920360000003"/><trkpt lat="38.9250774" lon="-77.32914649999998"/><trkpt lat="38.9249" lon="-77.32901219999997"/><trkpt lat="38.9248039" lon="-77.32896099999999"/><trkpt lat="38.924648" lon="-77.3289115"/><trkpt lat="38.9241067" lon="-77.32841150000002"/><trkpt lat="38.9240634" lon="-77.32837280000001"/><trkpt lat="38.9240431" lon="-77.32834889999998"/><trkpt lat="38.9240189" lon="-77.3283179"/><trkpt lat="38.9239542" lon="-77.32824140000002"/><trkpt lat="38.9241797" lon="-77.3279526"/><trkpt lat="38.9240605" lon="-77.32770640000001"/><trkpt lat="38.9240627" lon="-77.3274796"/><trkpt lat="38.9239314" lon="-77.32720990000001"/><trkpt lat="38.9236669" lon="-77.32691869999996"/><trkpt lat="38.9235223" lon="-77.32658449999997"/><trkpt lat="38.9234404" lon="-77.32649179999999"/><trkpt lat="38.923347" lon="-77.32643050000001"/><trkpt lat="38.9232831" lon="-77.32628879999999"/><trkpt lat="38.9232673" lon="-77.32604120000002"/><trkpt lat="38.92303" lon="-77.32572930000003"/><trkpt lat="38.9229678" lon="-77.32560030000002"/><trkpt lat="38.9229097" lon="-77.32502779999999"/><trkpt lat="38.922863" lon="-77.3248173"/><trkpt lat="38.9227211" lon="-77.32455979999997"/><trkpt lat="38.9226794" lon="-77.32402339999999"/><trkpt lat="38.9225459" lon="-77.32360499999999"/><trkpt lat="38.922173" lon="-77.3232051"/><trkpt lat="38.9219501" lon="-77.32291029999999"/><trkpt lat="38.9220145" lon="-77.3227564"/><trkpt lat="38.9220812" lon="-77.32264499999997"/><trkpt lat="38.9221449" lon="-77.3225726"/><trkpt lat="38.9221678" lon="-77.32252299999999"/><trkpt lat="38.9221887" lon="-77.32244120000001"/><trkpt lat="38.9222252" lon="-77.32236210000002"/><trkpt lat="38.9222384" lon="-77.32216829999999"/><trkpt lat="38.9221912" lon="-77.3219449"/><trkpt lat="38.9221849" lon="-77.3217333"/><trkpt lat="38.92218" lon="-77.3215841"/><trkpt lat="38.9221465" lon="-77.3214155"/><trkpt lat="38.9221164" lon="-77.32123560000002"/><trkpt lat="38.9220965" lon="-77.3209592"/><trkpt lat="38.9221069" lon="-77.32061399999998"/><trkpt lat="38.9220856" lon="-77.3202531"/><trkpt lat="38.9220675" lon="-77.3201474"/><trkpt lat="38.9220181" lon="-77.32007420000002"/><trkpt lat="38.9219581" lon="-77.32001350000002"/><trkpt lat="38.9216527" lon="-77.3197748"/><trkpt lat="38.9214733" lon="-77.31955579999999"/><trkpt lat="38.9211588" lon="-77.3191486"/><trkpt lat="38.9209516" lon="-77.3188199"/><trkpt lat="38.9208032" lon="-77.31876190000003"/><trkpt lat="38.920409" lon="-77.31872340000001"/><trkpt lat="38.9197045" lon="-77.31885239999997"/><trkpt lat="38.9193355" lon="-77.3187873"/><trkpt lat="38.9188898" lon="-77.31915249999997"/><trkpt lat="38.9186678" lon="-77.31936100000001"/><trkpt lat="38.9182333" lon="-77.31950460000002"/><trkpt lat="38.9176014" lon="-77.31953900000002"/><trkpt lat="38.91733" lon="-77.31931609999998"/><trkpt lat="38.917302" lon="-77.31930669999997"/><trkpt lat="38.917274" lon="-77.31934539999997"/><trkpt lat="38.917482" lon="-77.31982579999999"/><trkpt lat="38.9175188" lon="-77.31988430000001"/><trkpt lat="38.9175003" lon="-77.31996129999999"/><trkpt lat="38.91744" lon="-77.319996"/><trkpt lat="38.9169531" lon="-77.32000010000002"/><trkpt lat="38.9168838" lon="-77.3198443"/><trkpt lat="38.9168196" lon="-77.3196997"/><trkpt lat="38.9165775" lon="-77.31949580000003"/><trkpt lat="38.9164022" lon="-77.31981769999999"/><trkpt lat="38.9159514" lon="-77.31984990000001"/><trkpt lat="38.915726" lon="-77.3196031"/><trkpt lat="38.9156759" lon="-77.31922759999998"/><trkpt lat="38.9150724" lon="-77.31871960000001"/><trkpt lat="38.9146992" lon="-77.3186804"/><trkpt lat="38.9142485" lon="-77.3184766"/><trkpt lat="38.9136222" lon="-77.31847920000001"/><trkpt lat="38.9130244" lon="-77.3183229"/><trkpt lat="38.9128031" lon="-77.3183611"/><trkpt lat="38.9121447" lon="-77.31843370000001"/><trkpt lat="38.9119736" lon="-77.31829849999997"/><trkpt lat="38.9118516" lon="-77.31825420000001"/><trkpt lat="38.9113873" lon="-77.31847340000002"/><trkpt lat="38.9111518" lon="-77.31859509999998"/><trkpt lat="38.9111018" lon="-77.31857070000001"/><trkpt lat="38.9110675" lon="-77.31856629999999"/><trkpt lat="38.910812" lon="-77.31869110000002"/><trkpt lat="38.9102747" lon="-77.31865900000003"/><trkpt lat="38.9095317" lon="-77.3186804"/><trkpt lat="38.908821" lon="-77.31877429999997"/><trkpt lat="38.9086417" lon="-77.3188634"/><trkpt lat="38.9084547" lon="-77.31877700000001"/><trkpt lat="38.9081839" lon="-77.31882350000001"/><trkpt lat="38.9079424" lon="-77.31895759999998"/><trkpt lat="38.9076366" lon="-77.3189165"/><trkpt lat="38.9075447" lon="-77.31905599999999"/><trkpt lat="38.9074333" lon="-77.31910149999999"/><trkpt lat="38.9073193" lon="-77.3191041"/><trkpt lat="38.9072081" lon="-77.31911609999997"/><trkpt lat="38.9071071" lon="-77.3192563"/><trkpt lat="38.9070359" lon="-77.31944149999998"/><trkpt lat="38.9062914" lon="-77.31981229999997"/><trkpt lat="38.9061571" lon="-77.3198711"/><trkpt lat="38.9056245" lon="-77.3201396"/><trkpt lat="38.9044723" lon="-77.32056869999997"/><trkpt lat="38.903963" lon="-77.32085840000002"/><trkpt lat="38.9035737" lon="-77.32096439999998"/><trkpt lat="38.9035087" lon="-77.32064409999998"/><trkpt lat="38.9034282" lon="-77.32066429999998"/><trkpt lat="38.9032864" lon="-77.32068429999998"/><trkpt lat="38.9032718" lon="-77.3204771"/><trkpt lat="38.9032488" lon="-77.32034440000001"/><trkpt lat="38.9032149" lon="-77.3202129"/><trkpt lat="38.9032024" lon="-77.32011640000002"/><trkpt lat="38.9031972" lon="-77.32001250000002"/><trkpt lat="38.9031732" lon="-77.31985759999998"/><trkpt lat="38.9031367" lon="-77.3196557"/><trkpt lat="38.9031085" lon="-77.31947200000002"/><trkpt lat="38.9031173" lon="-77.31928490000001"/><trkpt lat="38.9031288" lon="-77.31907839999997"/><trkpt lat="38.9031448" lon="-77.31894870000002"/><trkpt lat="38.9031862" lon="-77.31884170000001"/><trkpt lat="38.9032374" lon="-77.31873239999999"/><trkpt lat="38.9032958" lon="-77.31866230000003"/><trkpt lat="38.9033952" lon="-77.31856290000002"/><trkpt lat="38.9035082" lon="-77.31845140000001"/><trkpt lat="38.9036674" lon="-77.31825630000003"/><trkpt lat="38.9037561" lon="-77.31814629999997"/><trkpt lat="38.9039231" lon="-77.31789889999999"/><trkpt lat="38.9039788" lon="-77.3177642"/><trkpt lat="38.9039397" lon="-77.31770169999999"/><trkpt lat="38.9038552" lon="-77.31761389999997"/><trkpt lat="38.9037263" lon="-77.31750060000002"/><trkpt lat="38.9035874" lon="-77.31744149999997"/><trkpt lat="38.9034684" lon="-77.3174012"/><trkpt lat="38.9034346" lon="-77.31737989999999"/><trkpt lat="38.9034153" lon="-77.31734160000002"/><trkpt lat="38.9034158" lon="-77.31727390000003"/><trkpt lat="38.9033947" lon="-77.31714899999997"/><trkpt lat="38.9033715" lon="-77.3170245"/><trkpt lat="38.9033122" lon="-77.31690909999998"/><trkpt lat="38.9031737" lon="-77.31664230000001"/><trkpt lat="38.9031138" lon="-77.31654170000002"/><trkpt lat="38.9030688" lon="-77.31649540000001"/><trkpt lat="38.9029905" lon="-77.31646660000001"/><trkpt lat="38.902835" lon="-77.31642770000002"/><trkpt lat="38.9027609" lon="-77.31639949999999"/><trkpt lat="38.9026837" lon="-77.31636950000001"/><trkpt lat="38.9025981" lon="-77.3163667"/><trkpt lat="38.9025319" lon="-77.31638609999999"/><trkpt lat="38.9024645" lon="-77.3164357"/><trkpt lat="38.9023737" lon="-77.31646720000003"/><trkpt lat="38.9023127" lon="-77.31646319999999"/><trkpt lat="38.9022401" lon="-77.31644310000001"/><trkpt lat="38.9021855" lon="-77.31644599999998"/><trkpt lat="38.9021111" lon="-77.31645889999999"/><trkpt lat="38.9019745" lon="-77.31646999999998"/><trkpt lat="38.9018628" lon="-77.31651340000002"/><trkpt lat="38.9017785" lon="-77.31654279999998"/><trkpt lat="38.9017071" lon="-77.31655089999998"/><trkpt lat="38.9015012" lon="-77.31651820000002"/><trkpt lat="38.9012805" lon="-77.31650389999999"/><trkpt lat="38.9010295" lon="-77.31645100000003"/><trkpt lat="38.900971" lon="-77.31644779999999"/><trkpt lat="38.9008066" lon="-77.31650009999998"/><trkpt lat="38.9006903" lon="-77.31651750000003"/><trkpt lat="38.9005567" lon="-77.3165095"/><trkpt lat="38.9004419" lon="-77.31651950000003"/><trkpt lat="38.9003762" lon="-77.31651549999998"/><trkpt lat="38.9003025" lon="-77.31650209999998"/><trkpt lat="38.9002613" lon="-77.31648200000001"/><trkpt lat="38.9002201" lon="-77.31646590000003"/><trkpt lat="38.9001512" lon="-77.31646189999998"/><trkpt lat="38.9000077" lon="-77.31646590000003"/><trkpt lat="38.8999733" lon="-77.31648740000003"/><trkpt lat="38.8999308" lon="-77.31650660000003"/><trkpt lat="38.8998923" lon="-77.31651310000001"/><trkpt lat="38.8998689" lon="-77.31651820000002"/><trkpt lat="38.8998177" lon="-77.31656650000002"/><trkpt lat="38.8997202" lon="-77.31664560000002"/><trkpt lat="38.8996554" lon="-77.31667040000002"/><trkpt lat="38.8995834" lon="-77.31667779999998"/><trkpt lat="38.8991018" lon="-77.31659000000002"/><trkpt lat="38.8989697" lon="-77.3165879"/><trkpt lat="38.8985084" lon="-77.31659400000001"/><trkpt lat="38.8984703" lon="-77.31660399999998"/><trkpt lat="38.898451" lon="-77.31664490000003"/><trkpt lat="38.8984475" lon="-77.3166683"/><trkpt lat="38.8984368" lon="-77.31679180000003"/><trkpt lat="38.8984343" lon="-77.3168086"/><trkpt lat="38.898427" lon="-77.3168374"/><trkpt lat="38.8983925" lon="-77.31686819999999"/><trkpt lat="38.8983461" lon="-77.31687360000001"/><trkpt lat="38.8983085" lon="-77.31690040000001"/><trkpt lat="38.8982892" lon="-77.31693999999999"/><trkpt lat="38.898273" lon="-77.31699700000001"/><trkpt lat="38.8982845" lon="-77.3170432"/><trkpt lat="38.8982908" lon="-77.31707210000002"/><trkpt lat="38.8984275" lon="-77.31724309999998"/><trkpt lat="38.8985282" lon="-77.3174449"/><trkpt lat="38.8985517" lon="-77.31755290000001"/><trkpt lat="38.8985517" lon="-77.3176239"/><trkpt lat="38.8985355" lon="-77.3177078"/><trkpt lat="38.8984781" lon="-77.31780900000001"/><trkpt lat="38.8983555" lon="-77.31792439999998"/><trkpt lat="38.8981956" lon="-77.3180663"/><trkpt lat="38.8980846" lon="-77.31815970000002"/><trkpt lat="38.8979479" lon="-77.31822740000001"/><trkpt lat="38.897855" lon="-77.31825559999999"/><trkpt lat="38.8977747" lon="-77.31827169999997"/><trkpt lat="38.8977162" lon="-77.31828710000002"/><trkpt lat="38.8976821" lon="-77.3183952"/><trkpt lat="38.8976705" lon="-77.31848250000002"/><trkpt lat="38.8976071" lon="-77.31859159999999"/><trkpt lat="38.8975936" lon="-77.31868739999999"/><trkpt lat="38.8975607" lon="-77.31878130000001"/><trkpt lat="38.8975163" lon="-77.31884230000003"/><trkpt lat="38.8971568" lon="-77.31919640000001"/><trkpt lat="38.8969214" lon="-77.31948940000001"/><trkpt lat="38.8968034" lon="-77.3196322"/><trkpt lat="38.8967314" lon="-77.31969129999999"/><trkpt lat="38.8966521" lon="-77.31974220000001"/><trkpt lat="38.8965519" lon="-77.3197778"/><trkpt lat="38.8961532" lon="-77.3198918"/><trkpt lat="38.8959413" lon="-77.31993"/><trkpt lat="38.8957305" lon="-77.31997690000003"/><trkpt lat="38.8956303" lon="-77.32001109999999"/><trkpt lat="38.8955118" lon="-77.3200668"/><trkpt lat="38.8954784" lon="-77.3200822"/><trkpt lat="38.8954299" lon="-77.32009959999999"/><trkpt lat="38.8953871" lon="-77.32009629999999"/><trkpt lat="38.8952388" lon="-77.32014989999999"/><trkpt lat="38.8951621" lon="-77.3202015"/><trkpt lat="38.8951011" lon="-77.32023909999998"/><trkpt lat="38.8950212" lon="-77.32027800000003"/><trkpt lat="38.8949633" lon="-77.32027929999998"/><trkpt lat="38.8948918" lon="-77.3202834"/><trkpt lat="38.894729" lon="-77.32036110000001"/><trkpt lat="38.8945312" lon="-77.3204637"/><trkpt lat="38.8943537" lon="-77.32057170000002"/><trkpt lat="38.8941324" lon="-77.32074130000001"/><trkpt lat="38.8939033" lon="-77.32096130000002"/><trkpt lat="38.8936961" lon="-77.321192"/><trkpt lat="38.8935145" lon="-77.32144340000002"/><trkpt lat="38.8934811" lon="-77.3215118"/><trkpt lat="38.8934628" lon="-77.3215983"/><trkpt lat="38.8934221" lon="-77.32167679999998"/><trkpt lat="38.893347" lon="-77.32174450000002"/><trkpt lat="38.8932911" lon="-77.32181020000002"/><trkpt lat="38.8932614" lon="-77.32184510000002"/><trkpt lat="38.8932468" lon="-77.32191820000003"/><trkpt lat="38.8932327" lon="-77.32199059999999"/><trkpt lat="38.8931779" lon="-77.3220938"/><trkpt lat="38.8931278" lon="-77.32218569999998"/><trkpt lat="38.8931116" lon="-77.32227090000003"/><trkpt lat="38.8930745" lon="-77.3223413"/><trkpt lat="38.8930415" lon="-77.32238189999998"/><trkpt lat="38.8929555" lon="-77.32248140000002"/><trkpt lat="38.8928804" lon="-77.32254510000001"/><trkpt lat="38.8927671" lon="-77.3226209"/><trkpt lat="38.8924305" lon="-77.3227698"/><trkpt lat="38.892347" lon="-77.32284420000002"/><trkpt lat="38.8922818" lon="-77.32293270000002"/><trkpt lat="38.8922249" lon="-77.32303059999998"/><trkpt lat="38.8921998" lon="-77.32314730000002"/><trkpt lat="38.8921555" lon="-77.32353690000002"/><trkpt lat="38.8921382" lon="-77.32369979999999"/><trkpt lat="38.8921346" lon="-77.3241357"/><trkpt lat="38.8921022" lon="-77.32421950000003"/><trkpt lat="38.8920641" lon="-77.32426709999999"/><trkpt lat="38.8920227" lon="-77.32429159999998"/><trkpt lat="38.8917447" lon="-77.32431070000001"/><trkpt lat="38.8916508" lon="-77.32433420000001"/><trkpt lat="38.8915678" lon="-77.32433209999999"/><trkpt lat="38.8914681" lon="-77.32432140000003"/><trkpt lat="38.8913611" lon="-77.32432010000002"/><trkpt lat="38.8912854" lon="-77.32432540000002"/><trkpt lat="38.8911542" lon="-77.32437749999997"/><trkpt lat="38.8910772" lon="-77.32438709999997"/><trkpt lat="38.8909561" lon="-77.32437040000002"/><trkpt lat="38.8908032" lon="-77.32433550000002"/><trkpt lat="38.8907306" lon="-77.32431869999999"/><trkpt lat="38.8907223" lon="-77.32432540000002"/><trkpt lat="38.8906988" lon="-77.3244441"/><trkpt lat="38.8906805" lon="-77.32452590000003"/><trkpt lat="38.8906263" lon="-77.32464190000002"/><trkpt lat="38.8905861" lon="-77.32472110000003"/><trkpt lat="38.8905506" lon="-77.3248471"/><trkpt lat="38.890512" lon="-77.32499259999997"/><trkpt lat="38.8904945" lon="-77.32504260000002"/><trkpt lat="38.8904545" lon="-77.32511540000002"/><trkpt lat="38.8903768" lon="-77.32521589999999"/><trkpt lat="38.8901811" lon="-77.32544059999998"/><trkpt lat="38.8901409" lon="-77.32551160000003"/><trkpt lat="38.8901022" lon="-77.32563170000003"/><trkpt lat="38.8899535" lon="-77.326146"/><trkpt lat="38.8898637" lon="-77.32643969999998"/><trkpt lat="38.8898068" lon="-77.32663680000002"/><trkpt lat="38.8897609" lon="-77.3267535"/><trkpt lat="38.8897066" lon="-77.3268574"/><trkpt lat="38.8897583" lon="-77.32695000000001"/><trkpt lat="38.8897818" lon="-77.32705929999997"/><trkpt lat="38.8897875" lon="-77.32719070000002"/><trkpt lat="38.8897901" lon="-77.32758160000003"/><trkpt lat="38.8898079" lon="-77.32777540000001"/><trkpt lat="38.8898147" lon="-77.32790690000002"/><trkpt lat="38.8897948" lon="-77.32803760000002"/><trkpt lat="38.8897479" lon="-77.32819919999997"/><trkpt lat="38.8896889" lon="-77.32831929999998"/><trkpt lat="38.8896427" lon="-77.3283793"/><trkpt lat="38.8895709" lon="-77.32845399999997"/><trkpt lat="38.8894535" lon="-77.32849429999999"/><trkpt lat="38.8893277" lon="-77.32850430000002"/><trkpt lat="38.8892345" lon="-77.32847570000001"/><trkpt lat="38.8892001" lon="-77.32846510000002"/><trkpt lat="38.8887661" lon="-77.32830519999999"/><trkpt lat="38.8886842" lon="-77.3282562"/><trkpt lat="38.8886059" lon="-77.3282006"/><trkpt lat="38.8885404" lon="-77.32813249999998"/><trkpt lat="38.8884759" lon="-77.32809659999998"/><trkpt lat="38.8883773" lon="-77.32809859999998"/><trkpt lat="38.8882034" lon="-77.32810740000002"/><trkpt lat="38.8880891" lon="-77.3281389"/><trkpt lat="38.8879086" lon="-77.32824419999997"/><trkpt lat="38.887741" lon="-77.32835210000002"/><trkpt lat="38.8876037" lon="-77.32846610000001"/><trkpt lat="38.8875124" lon="-77.32856129999999"/><trkpt lat="38.8874336" lon="-77.32865449999997"/><trkpt lat="38.8873595" lon="-77.32871490000002"/><trkpt lat="38.8872551" lon="-77.32875039999999"/><trkpt lat="38.8871439" lon="-77.32877860000002"/><trkpt lat="38.8870343" lon="-77.32881750000001"/><trkpt lat="38.8869069" lon="-77.32891940000002"/><trkpt lat="38.886814" lon="-77.3289992"/><trkpt lat="38.8865734" lon="-77.32928620000001"/><trkpt lat="38.8864842" lon="-77.32942100000002"/><trkpt lat="38.8864163" lon="-77.32952160000002"/><trkpt lat="38.8863542" lon="-77.32959460000001"/><trkpt lat="38.886195" lon="-77.3296972"/><trkpt lat="38.8860165" lon="-77.32984210000001"/><trkpt lat="38.8858985" lon="-77.3298749"/><trkpt lat="38.8857623" lon="-77.329836"/><trkpt lat="38.8856334" lon="-77.32978509999998"/><trkpt lat="38.8855593" lon="-77.32978909999997"/><trkpt lat="38.8854867" lon="-77.3297925"/><trkpt lat="38.8854507" lon="-77.32981460000002"/><trkpt lat="38.8854136" lon="-77.32985209999998"/><trkpt lat="38.8853583" lon="-77.33004260000001"/><trkpt lat="38.8853546" lon="-77.330109"/><trkpt lat="38.885374" lon="-77.33016129999999"/><trkpt lat="38.8854121" lon="-77.3302142"/><trkpt lat="38.8854773" lon="-77.3303497"/><trkpt lat="38.8855128" lon="-77.33044289999998"/><trkpt lat="38.8855316" lon="-77.33057630000002"/><trkpt lat="38.8855389" lon="-77.33070570000001"/><trkpt lat="38.885528" lon="-77.33077760000003"/><trkpt lat="38.8855196" lon="-77.33083320000003"/><trkpt lat="38.8854962" lon="-77.33091380000002"/><trkpt lat="38.88547" lon="-77.33095789999999"/><trkpt lat="38.8853802" lon="-77.33107919999998"/><trkpt lat="38.8852372" lon="-77.33120730000002"/><trkpt lat="38.8851271" lon="-77.33128240000002"/><trkpt lat="38.8849961" lon="-77.331322"/><trkpt lat="38.8848823" lon="-77.3313354"/><trkpt lat="38.8847429" lon="-77.33134280000002"/><trkpt lat="38.8846432" lon="-77.3313723"/><trkpt lat="38.8843217" lon="-77.33149229999998"/><trkpt lat="38.8842063" lon="-77.33151040000001"/><trkpt lat="38.8841192" lon="-77.33150569999998"/><trkpt lat="38.8840476" lon="-77.33151379999998"/><trkpt lat="38.8838791" lon="-77.3314957"/><trkpt lat="38.8838133" lon="-77.33146820000002"/><trkpt lat="38.8837204" lon="-77.33138969999999"/><trkpt lat="38.883522" lon="-77.33121470000003"/><trkpt lat="38.8834516" lon="-77.33114089999998"/><trkpt lat="38.8833994" lon="-77.33105239999998"/><trkpt lat="38.8831655" lon="-77.33081240000001"/><trkpt lat="38.8830731" lon="-77.33074670000002"/><trkpt lat="38.8829969" lon="-77.33071110000003"/><trkpt lat="38.8828993" lon="-77.33071580000001"/><trkpt lat="38.8828429" lon="-77.33072520000002"/><trkpt lat="38.8827813" lon="-77.3307527"/><trkpt lat="38.8827323" lon="-77.33075810000003"/><trkpt lat="38.8826644" lon="-77.33075559999997"/><trkpt lat="38.8825721" lon="-77.33080130000002"/><trkpt lat="38.8825374" lon="-77.3308553"/><trkpt lat="38.8825387" lon="-77.33093780000002"/><trkpt lat="38.8825701" lon="-77.33099570000002"/><trkpt lat="38.8826576" lon="-77.33107660000002"/><trkpt lat="38.8827056" lon="-77.33112219999998"/><trkpt lat="38.8827975" lon="-77.33127709999997"/><trkpt lat="38.8828518" lon="-77.33136760000002"/><trkpt lat="38.8829077" lon="-77.3314507"/><trkpt lat="38.8830335" lon="-77.33159560000001"/><trkpt lat="38.8831238" lon="-77.33171219999997"/><trkpt lat="38.8831676" lon="-77.3318195"/><trkpt lat="38.8832308" lon="-77.33195699999999"/><trkpt lat="38.8832788" lon="-77.332067"/><trkpt lat="38.8832996" lon="-77.33217200000001"/><trkpt lat="38.883296" lon="-77.33223329999998"/><trkpt lat="38.883261" lon="-77.33237939999998"/><trkpt lat="38.8831425" lon="-77.33267380000001"/><trkpt lat="38.8830616" lon="-77.33284700000002"/><trkpt lat="38.8830094" lon="-77.33292749999998"/><trkpt lat="38.8829405" lon="-77.3329731"/><trkpt lat="38.8827341" lon="-77.33311900000001"/><trkpt lat="38.8825997" lon="-77.33322499999997"/><trkpt lat="38.8825041" lon="-77.3332762"/><trkpt lat="38.8824269" lon="-77.33333249999998"/><trkpt lat="38.8823658" lon="-77.3333839"/><trkpt lat="38.8823358" lon="-77.33339560000002"/><trkpt lat="38.8822855" lon="-77.33339690000003"/><trkpt lat="38.882067" lon="-77.33337799999998"/><trkpt lat="38.8819404" lon="-77.3333728"/><trkpt lat="38.8818402" lon="-77.33336259999999"/><trkpt lat="38.8817441" lon="-77.33336270000001"/><trkpt lat="38.8816373" lon="-77.3333503"/><trkpt lat="38.8815061" lon="-77.333303"/><trkpt lat="38.8814163" lon="-77.3332762"/><trkpt lat="38.881362" lon="-77.3332628"/><trkpt lat="38.8813052" lon="-77.33328069999999"/><trkpt lat="38.8812436" lon="-77.33331149999998"/><trkpt lat="38.8812018" lon="-77.3333437"/><trkpt lat="38.8810769" lon="-77.3333819"/><trkpt lat="38.8810053" lon="-77.33337519999998"/><trkpt lat="38.8809326" lon="-77.33333779999998"/><trkpt lat="38.8808521" lon="-77.33327730000002"/><trkpt lat="38.8807936" lon="-77.33326010000002"/><trkpt lat="38.8807237" lon="-77.33325409999998"/><trkpt lat="38.8806229" lon="-77.3332921"/><trkpt lat="38.8805728" lon="-77.33328069999999"/><trkpt lat="38.8804932" lon="-77.3332997"/><trkpt lat="38.8804292" lon="-77.3332785"/><trkpt lat="38.8803901" lon="-77.33311029999999"/><trkpt lat="38.8803384" lon="-77.332989"/><trkpt lat="38.880293" lon="-77.33285619999998"/><trkpt lat="38.8802105" lon="-77.33268729999998"/><trkpt lat="38.8802" lon="-77.33259040000002"/><trkpt lat="38.8802032" lon="-77.33249339999998"/><trkpt lat="38.8801442" lon="-77.3323694"/><trkpt lat="38.8800613" lon="-77.3322427"/><trkpt lat="38.8800044" lon="-77.33216349999998"/><trkpt lat="38.8798994" lon="-77.33197110000003"/><trkpt lat="38.8798145" lon="-77.33180290000001"/><trkpt lat="38.8797696" lon="-77.33167020000002"/><trkpt lat="38.8797319" lon="-77.33155190000002"/><trkpt lat="38.8797105" lon="-77.3314671"/><trkpt lat="38.8797126" lon="-77.33140639999999"/><trkpt lat="38.8797261" lon="-77.331344"/><trkpt lat="38.879803" lon="-77.33119920000001"/><trkpt lat="38.8798384" lon="-77.33112819999997"/><trkpt lat="38.8798978" lon="-77.33099670000001"/><trkpt lat="38.8799182" lon="-77.3309089"/><trkpt lat="38.8799234" lon="-77.33077760000003"/><trkpt lat="38.8799105" lon="-77.3306847"/><trkpt lat="38.879925" lon="-77.33061420000001"/><trkpt lat="38.8798444" lon="-77.33057630000002"/><trkpt lat="38.879746" lon="-77.33051949999998"/><trkpt lat="38.8796635" lon="-77.33045930000003"/><trkpt lat="38.8795437" lon="-77.33035699999999"/><trkpt lat="38.879429" lon="-77.33022699999998"/><trkpt lat="38.879354" lon="-77.33012500000001"/><trkpt lat="38.8791153" lon="-77.32973870000001"/><trkpt lat="38.8790185" lon="-77.32962429999998"/><trkpt lat="38.8789204" lon="-77.32954159999997"/><trkpt lat="38.878811" lon="-77.32946500000003"/><trkpt lat="38.878684" lon="-77.32938999999999"/><trkpt lat="38.87855" lon="-77.32933100000002"/><trkpt lat="38.878392" lon="-77.32928700000002"/><trkpt lat="38.878278" lon="-77.32926700000002"/><trkpt lat="38.878135" lon="-77.32926600000002"/><trkpt lat="38.877957" lon="-77.32928600000002"/><trkpt lat="38.877839" lon="-77.32931400000001"/><trkpt lat="38.877722" lon="-77.32935500000002"/><trkpt lat="38.877614" lon="-77.32941440000002"/><trkpt lat="38.8775097" lon="-77.32948620000002"/><trkpt lat="38.8772181" lon="-77.32972419999999"/><trkpt lat="38.8769517" lon="-77.32994059999999"/><trkpt lat="38.8768697" lon="-77.32982400000003"/><trkpt lat="38.8767924" lon="-77.32972740000002"/><trkpt lat="38.8767402" lon="-77.32965630000001"/><trkpt lat="38.8767016" lon="-77.3295397"/><trkpt lat="38.876656" lon="-77.32944150000003"/><trkpt lat="38.8766358" lon="-77.32939620000002"/><trkpt lat="38.8765961" lon="-77.3293506"/><trkpt lat="38.876546" lon="-77.32935989999999"/><trkpt lat="38.8764771" lon="-77.32940289999999"/><trkpt lat="38.8764197" lon="-77.32940550000001"/><trkpt lat="38.8763351" lon="-77.32935459999999"/><trkpt lat="38.8762088" lon="-77.32922180000003"/><trkpt lat="38.8761451" lon="-77.32912120000003"/><trkpt lat="38.8759572" lon="-77.3281945"/><trkpt lat="38.8759196" lon="-77.32798530000002"/><trkpt lat="38.8758945" lon="-77.3278593"/><trkpt lat="38.875858" lon="-77.32777340000001"/><trkpt lat="38.875551" lon="-77.3272303"/><trkpt lat="38.8754362" lon="-77.3270372"/><trkpt lat="38.8752566" lon="-77.32674480000003"/><trkpt lat="38.8751564" lon="-77.32660399999997"/><trkpt lat="38.8750572" lon="-77.32653690000001"/><trkpt lat="38.8749966" lon="-77.3264954"/><trkpt lat="38.874887" lon="-77.3264216"/><trkpt lat="38.8748097" lon="-77.32642429999999"/><trkpt lat="38.8747262" lon="-77.326435"/><trkpt lat="38.8746949" lon="-77.3264135"/><trkpt lat="38.8746678" lon="-77.3263116"/><trkpt lat="38.8746312" lon="-77.3261842"/><trkpt lat="38.8745372" lon="-77.3260474"/><trkpt lat="38.874436" lon="-77.32594419999998"/><trkpt lat="38.8743681" lon="-77.32580740000003"/><trkpt lat="38.874343" lon="-77.32568800000001"/><trkpt lat="38.8743545" lon="-77.3255378"/><trkpt lat="38.8743723" lon="-77.32542510000002"/><trkpt lat="38.8743504" lon="-77.32528430000002"/><trkpt lat="38.8742553" lon="-77.3250926"/><trkpt lat="38.8741509" lon="-77.3248552"/><trkpt lat="38.874058" lon="-77.32457220000003"/><trkpt lat="38.8740058" lon="-77.3242108"/><trkpt lat="38.8739797" lon="-77.32406330000003"/><trkpt lat="38.8739473" lon="-77.32394049999999"/><trkpt lat="38.8739291" lon="-77.3238809"/><trkpt lat="38.8739291" lon="-77.3238561"/><trkpt lat="38.873952" lon="-77.32380979999999"/><trkpt lat="38.8740632" lon="-77.32372800000002"/><trkpt lat="38.8742047" lon="-77.32360260000002"/><trkpt lat="38.8742694" lon="-77.3234309"/><trkpt lat="38.8742976" lon="-77.3232941"/><trkpt lat="38.8743498" lon="-77.32314730000002"/><trkpt lat="38.8744335" lon="-77.32299290000003"/><trkpt lat="38.8744574" lon="-77.3229488"/><trkpt lat="38.8745743" lon="-77.32275300000003"/><trkpt lat="38.8747059" lon="-77.32260009999999"/><trkpt lat="38.8748332" lon="-77.32238890000002"/><trkpt lat="38.8749883" lon="-77.32219309999999"/><trkpt lat="38.875148" lon="-77.32200940000001"/><trkpt lat="38.8752222" lon="-77.321886"/><trkpt lat="38.8752811" lon="-77.32179009999999"/><trkpt lat="38.8753589" lon="-77.32173039999998"/><trkpt lat="38.8755265" lon="-77.32156470000001"/><trkpt lat="38.8756894" lon="-77.3213743"/><trkpt lat="38.8758753" lon="-77.32120529999997"/><trkpt lat="38.8759462" lon="-77.321145"/><trkpt lat="38.8760564" lon="-77.32099149999999"/><trkpt lat="38.8761785" lon="-77.3208325"/><trkpt lat="38.8762595" lon="-77.3207064"/><trkpt lat="38.8762902" lon="-77.32063900000003"/><trkpt lat="38.8763158" lon="-77.320583"/><trkpt lat="38.8764265" lon="-77.32031819999997"/><trkpt lat="38.876462" lon="-77.3202243"/><trkpt lat="38.876499" lon="-77.32016060000001"/><trkpt lat="38.8765474" lon="-77.3201396"/><trkpt lat="38.8766087" lon="-77.32014449999997"/><trkpt lat="38.8766619" lon="-77.3201573"/><trkpt lat="38.8766974" lon="-77.32017740000003"/><trkpt lat="38.8767663" lon="-77.32017000000002"/><trkpt lat="38.8768697" lon="-77.3201378"/><trkpt lat="38.8769788" lon="-77.32005470000001"/><trkpt lat="38.8770691" lon="-77.3199333"/><trkpt lat="38.8771385" lon="-77.31974889999998"/><trkpt lat="38.8772215" lon="-77.31961009999998"/><trkpt lat="38.8772826" lon="-77.31954639999998"/><trkpt lat="38.8773792" lon="-77.3195136"/><trkpt lat="38.8774663" lon="-77.3194666"/><trkpt lat="38.8775295" lon="-77.31937140000002"/><trkpt lat="38.8775671" lon="-77.31926809999999"/><trkpt lat="38.8775781" lon="-77.31917900000002"/><trkpt lat="38.877577" lon="-77.31907369999999"/><trkpt lat="38.8775723" lon="-77.31900259999998"/><trkpt lat="38.8775953" lon="-77.31888079999999"/><trkpt lat="38.8776334" lon="-77.31876920000002"/><trkpt lat="38.8776569" lon="-77.31862910000001"/><trkpt lat="38.877671" lon="-77.31852579999997"/><trkpt lat="38.8776898" lon="-77.31839639999998"/><trkpt lat="38.8777054" lon="-77.31833140000003"/><trkpt lat="38.8778677" lon="-77.31809149999998"/><trkpt lat="38.8780264" lon="-77.3178494"/><trkpt lat="38.8781814" lon="-77.3176168"/><trkpt lat="38.8783751" lon="-77.31733180000003"/><trkpt lat="38.8785724" lon="-77.3170321"/><trkpt lat="38.8787369" lon="-77.31676249999998"/><trkpt lat="38.8789143" lon="-77.31648889999997"/><trkpt lat="38.8790924" lon="-77.31622270000003"/><trkpt lat="38.8791269" lon="-77.31611250000003"/><trkpt lat="38.8792438" lon="-77.31520419999998"/><trkpt lat="38.8793126" lon="-77.31461739999997"/><trkpt lat="38.8793712" lon="-77.3141344"/><trkpt lat="38.8794458" lon="-77.31370809999999"/><trkpt lat="38.879463" lon="-77.31352079999999"/><trkpt lat="38.8794609" lon="-77.31321930000001"/><trkpt lat="38.8794917" lon="-77.3130367"/><trkpt lat="38.8794917" lon="-77.31287910000003"/><trkpt lat="38.8794082" lon="-77.31289520000001"/><trkpt lat="38.8792907" lon="-77.31287800000001"/><trkpt lat="38.879154" lon="-77.31285230000003"/><trkpt lat="38.8790454" lon="-77.3128241"/><trkpt lat="38.8789859" lon="-77.31278409999999"/><trkpt lat="38.8789149" lon="-77.31275729999999"/><trkpt lat="38.878868" lon="-77.31275"/><trkpt lat="38.8788189" lon="-77.31274229999997"/><trkpt lat="38.8787145" lon="-77.31270610000001"/><trkpt lat="38.8786372" lon="-77.3126929"/><trkpt lat="38.8785411" lon="-77.3126795"/><trkpt lat="38.8784534" lon="-77.3126742"/><trkpt lat="38.8784117" lon="-77.31266069999998"/><trkpt lat="38.8783773" lon="-77.312635"/><trkpt lat="38.8783532" lon="-77.3125776"/><trkpt lat="38.8783245" lon="-77.31252640000002"/><trkpt lat="38.8782948" lon="-77.31248640000001"/><trkpt lat="38.8782697" lon="-77.31247029999997"/><trkpt lat="38.8781966" lon="-77.31244079999999"/><trkpt lat="38.8781235" lon="-77.31241130000001"/><trkpt lat="38.8780254" lon="-77.31238180000003"/><trkpt lat="38.8779461" lon="-77.31235229999999"/><trkpt lat="38.8778667" lon="-77.31234689999997"/><trkpt lat="38.8777414" lon="-77.31226559999999"/><trkpt lat="38.8776939" lon="-77.31226420000002"/><trkpt lat="38.8776318" lon="-77.31223940000001"/><trkpt lat="38.8775827" lon="-77.3122128"/><trkpt lat="38.8775347" lon="-77.31219520000002"/><trkpt lat="38.8775003" lon="-77.31218380000001"/><trkpt lat="38.8774512" lon="-77.31216719999998"/><trkpt lat="38.8774094" lon="-77.31214310000001"/><trkpt lat="38.8773426" lon="-77.31211630000001"/><trkpt lat="38.8772904" lon="-77.31210279999999"/><trkpt lat="38.8772382" lon="-77.31210279999999"/><trkpt lat="38.8771682" lon="-77.31210020000003"/><trkpt lat="38.8770842" lon="-77.31206659999998"/><trkpt lat="38.8770127" lon="-77.31202769999999"/><trkpt lat="38.8769208" lon="-77.31198210000002"/><trkpt lat="38.8768561" lon="-77.31193389999999"/><trkpt lat="38.8767979" lon="-77.31190549999997"/><trkpt lat="38.8767433" lon="-77.31190149999998"/><trkpt lat="38.8766528" lon="-77.3118897"/><trkpt lat="38.8765638" lon="-77.3118733"/><trkpt lat="38.8764849" lon="-77.31184580000001"/><trkpt lat="38.8763912" lon="-77.31179480000003"/><trkpt lat="38.8763377" lon="-77.31176870000002"/><trkpt lat="38.8762913" lon="-77.3117489"/><trkpt lat="38.8762247" lon="-77.31172839999999"/><trkpt lat="38.8761762" lon="-77.31172040000001"/><trkpt lat="38.8761435" lon="-77.3116963"/><trkpt lat="38.8761146" lon="-77.3116584"/><trkpt lat="38.8760767" lon="-77.3116"/><trkpt lat="38.8760543" lon="-77.3115578"/><trkpt lat="38.8760109" lon="-77.3115105"/><trkpt lat="38.8759838" lon="-77.31148439999998"/><trkpt lat="38.8759352" lon="-77.3114296"/><trkpt lat="38.8759082" lon="-77.31141020000001"/><trkpt lat="38.8759498" lon="-77.31130889999997"/><trkpt lat="38.876" lon="-77.31119890000002"/><trkpt lat="38.8760772" lon="-77.3110595"/><trkpt lat="38.8761751" lon="-77.31085940000003"/><trkpt lat="38.8762276" lon="-77.310743"/><trkpt lat="38.8763675" lon="-77.31044789999999"/><trkpt lat="38.8764677" lon="-77.31020380000001"/><trkpt lat="38.8765575" lon="-77.3099919"/><trkpt lat="38.8766222" lon="-77.30980420000003"/><trkpt lat="38.8766869" lon="-77.30959230000002"/><trkpt lat="38.8767329" lon="-77.30943400000001"/><trkpt lat="38.8767761" lon="-77.30926740000001"/><trkpt lat="38.8767913" lon="-77.3092087"/><trkpt lat="38.8768811" lon="-77.3088601"/><trkpt lat="38.8770002" lon="-77.30841750000002"/><trkpt lat="38.8770461" lon="-77.30822969999997"/><trkpt lat="38.8770732" lon="-77.30813319999999"/><trkpt lat="38.8770962" lon="-77.3080956"/><trkpt lat="38.8770899" lon="-77.30806610000002"/><trkpt lat="38.877127" lon="-77.307952"/><trkpt lat="38.8771568" lon="-77.30783009999999"/><trkpt lat="38.8771714" lon="-77.30781130000003"/><trkpt lat="38.8771735" lon="-77.30778179999999"/><trkpt lat="38.8771797" lon="-77.30772819999999"/><trkpt lat="38.8772215" lon="-77.30755650000003"/><trkpt lat="38.8772612" lon="-77.30742240000001"/><trkpt lat="38.8774052" lon="-77.30689130000002"/><trkpt lat="38.8774658" lon="-77.306666"/><trkpt lat="38.877495" lon="-77.30655339999998"/><trkpt lat="38.8775034" lon="-77.30645679999998"/><trkpt lat="38.8775096" lon="-77.30637630000001"/><trkpt lat="38.8775034" lon="-77.30629850000003"/><trkpt lat="38.8774909" lon="-77.30621810000002"/><trkpt lat="38.8774741" lon="-77.30614029999998"/><trkpt lat="38.8774512" lon="-77.30607320000001"/><trkpt lat="38.8774136" lon="-77.30600349999997"/><trkpt lat="38.8773865" lon="-77.30592769999998"/><trkpt lat="38.8773819" lon="-77.30588890000001"/><trkpt lat="38.8773934" lon="-77.30582129999999"/><trkpt lat="38.8773653" lon="-77.30580220000002"/><trkpt lat="38.8773141" lon="-77.3056972"/><trkpt lat="38.8772408" lon="-77.30557620000002"/><trkpt lat="38.8771983" lon="-77.30547039999999"/><trkpt lat="38.8771724" lon="-77.30546800000002"/><trkpt lat="38.8770772" lon="-77.30537930000003"/><trkpt lat="38.8770438" lon="-77.30531489999998"/><trkpt lat="38.8769352" lon="-77.30511380000002"/><trkpt lat="38.8768078" lon="-77.30487499999998"/><trkpt lat="38.8766814" lon="-77.30464360000002"/><trkpt lat="38.8764487" lon="-77.3041723"/><trkpt lat="38.8763422" lon="-77.30396310000003"/><trkpt lat="38.8762708" lon="-77.30380990000003"/><trkpt lat="38.8762441" lon="-77.30377529999998"/><trkpt lat="38.8761731" lon="-77.3036224"/><trkpt lat="38.8761" lon="-77.30347219999999"/><trkpt lat="38.8760206" lon="-77.30331940000002"/><trkpt lat="38.8759392" lon="-77.30314770000001"/><trkpt lat="38.875889" lon="-77.30304560000002"/><trkpt lat="38.8758118" lon="-77.302909"/><trkpt lat="38.8757429" lon="-77.30275879999999"/><trkpt lat="38.8756698" lon="-77.30260859999999"/><trkpt lat="38.8755905" lon="-77.3024476"/><trkpt lat="38.8755435" lon="-77.30233729999998"/><trkpt lat="38.8754673" lon="-77.30214189999998"/><trkpt lat="38.875413" lon="-77.30195409999999"/><trkpt lat="38.8753608" lon="-77.30177170000002"/><trkpt lat="38.8753274" lon="-77.30158660000001"/><trkpt lat="38.8753184" lon="-77.301514"/><trkpt lat="38.8753002" lon="-77.30136670000002"/><trkpt lat="38.8752919" lon="-77.30116020000003"/><trkpt lat="38.8752835" lon="-77.3010046"/><trkpt lat="38.875294" lon="-77.300951"/><trkpt lat="38.8753128" lon="-77.30092409999997"/><trkpt lat="38.8753147" lon="-77.30082379999999"/><trkpt lat="38.8753232" lon="-77.30069880000002"/><trkpt lat="38.8753128" lon="-77.30068010000002"/><trkpt lat="38.8753115" lon="-77.30065910000002"/><trkpt lat="38.8753107" lon="-77.30064520000002"/><trkpt lat="38.8753274" lon="-77.30051379999998"/><trkpt lat="38.875365" lon="-77.30032060000002"/><trkpt lat="38.8754067" lon="-77.30014900000003"/><trkpt lat="38.8754589" lon="-77.29998810000001"/><trkpt lat="38.8755299" lon="-77.299803"/><trkpt lat="38.8755842" lon="-77.29965549999997"/><trkpt lat="38.8756975" lon="-77.2993353"/><trkpt lat="38.8757784" lon="-77.2991485"/><trkpt lat="38.8758355" lon="-77.29900069999997"/><trkpt lat="38.8759475" lon="-77.29871129999998"/><trkpt lat="38.8760579" lon="-77.2984131"/><trkpt lat="38.8761898" lon="-77.2980569"/><trkpt lat="38.8762127" lon="-77.29802740000002"/><trkpt lat="38.876249" lon="-77.29792179999998"/><trkpt lat="38.8763004" lon="-77.29781009999999"/><trkpt lat="38.8762963" lon="-77.29776989999999"/><trkpt lat="38.876315" lon="-77.29772960000003"/><trkpt lat="38.8763297" lon="-77.2976921"/><trkpt lat="38.8764278" lon="-77.29744260000001"/><trkpt lat="38.8765197" lon="-77.2972039"/><trkpt lat="38.8765781" lon="-77.29702959999997"/><trkpt lat="38.8766471" lon="-77.2968606"/><trkpt lat="38.876693" lon="-77.29668630000003"/><trkpt lat="38.8767348" lon="-77.29649849999998"/><trkpt lat="38.8767515" lon="-77.29648509999998"/><trkpt lat="38.8767723" lon="-77.29647439999997"/><trkpt lat="38.8767967" lon="-77.2963785"/><trkpt lat="38.8768078" lon="-77.29628120000001"/><trkpt lat="38.8767911" lon="-77.29624369999999"/><trkpt lat="38.8767807" lon="-77.29621689999999"/><trkpt lat="38.876787" lon="-77.29616859999999"/><trkpt lat="38.8767995" lon="-77.29609619999997"/><trkpt lat="38.876812" lon="-77.29595940000002"/><trkpt lat="38.8768204" lon="-77.29586280000001"/><trkpt lat="38.8768266" lon="-77.29570460000002"/><trkpt lat="38.8768308" lon="-77.29556509999998"/><trkpt lat="38.8768266" lon="-77.29548999999997"/><trkpt lat="38.8768162" lon="-77.29533979999997"/><trkpt lat="38.8768078" lon="-77.29516539999997"/><trkpt lat="38.8767995" lon="-77.29505280000001"/><trkpt lat="38.8767953" lon="-77.29498839999997"/><trkpt lat="38.8768058" lon="-77.2949428"/><trkpt lat="38.876812" lon="-77.29492399999998"/><trkpt lat="38.8768034" lon="-77.29478879999999"/><trkpt lat="38.8767911" lon="-77.2946263"/><trkpt lat="38.8767786" lon="-77.29460749999998"/><trkpt lat="38.8767682" lon="-77.29457000000002"/><trkpt lat="38.8767661" lon="-77.29451899999998"/><trkpt lat="38.8767285" lon="-77.29388870000002"/><trkpt lat="38.8766867" lon="-77.29329059999998"/><trkpt lat="38.8766679" lon="-77.2929446"/><trkpt lat="38.8766668" lon="-77.2929322"/><trkpt lat="38.8766491" lon="-77.29273"/><trkpt lat="38.8766136" lon="-77.29217749999998"/><trkpt lat="38.8765969" lon="-77.29193609999999"/><trkpt lat="38.8765928" lon="-77.29186900000002"/><trkpt lat="38.8766134" lon="-77.291808"/><trkpt lat="38.8766007" lon="-77.29166570000001"/><trkpt lat="38.8765904" lon="-77.29155100000003"/><trkpt lat="38.8765698" lon="-77.291515"/><trkpt lat="38.8765656" lon="-77.2914586"/><trkpt lat="38.8765336" lon="-77.2909151"/><trkpt lat="38.8764949" lon="-77.29033329999999"/><trkpt lat="38.876471" lon="-77.2899888"/><trkpt lat="38.876419" lon="-77.28914800000001"/><trkpt lat="38.8763826" lon="-77.28858550000001"/><trkpt lat="38.8763567" lon="-77.28820250000001"/><trkpt lat="38.8763367" lon="-77.2879388"/><trkpt lat="38.8763401" lon="-77.28790200000003"/><trkpt lat="38.8763483" lon="-77.28786980000001"/><trkpt lat="38.8763625" lon="-77.28784569999999"/><trkpt lat="38.8763498" lon="-77.287714"/><trkpt lat="38.8763422" lon="-77.28763459999999"/><trkpt lat="38.8763276" lon="-77.28761500000002"/><trkpt lat="38.876313" lon="-77.28758019999998"/><trkpt lat="38.8763092" lon="-77.2874511"/><trkpt lat="38.8762867" lon="-77.28708240000003"/><trkpt lat="38.8762626" lon="-77.28672289999997"/><trkpt lat="38.8762409" lon="-77.28642630000002"/><trkpt lat="38.8762405" lon="-77.28637930000002"/><trkpt lat="38.8762499" lon="-77.28633030000003"/><trkpt lat="38.8762437" lon="-77.28622819999998"/><trkpt lat="38.8762379" lon="-77.2861317"/><trkpt lat="38.8762249" lon="-77.2860824"/><trkpt lat="38.8762186" lon="-77.28604339999998"/><trkpt lat="38.8762158" lon="-77.2859669"/><trkpt lat="38.8761998" lon="-77.28572270000001"/><trkpt lat="38.8761964" lon="-77.28563509999998"/><trkpt lat="38.8761829" lon="-77.28545939999998"/><trkpt lat="38.8761586" lon="-77.2852714"/><trkpt lat="38.8761295" lon="-77.28510599999998"/><trkpt lat="38.8760671" lon="-77.28483369999998"/><trkpt lat="38.8760511" lon="-77.2847549"/><trkpt lat="38.8760261" lon="-77.2846652"/><trkpt lat="38.8760054" lon="-77.28459090000001"/><trkpt lat="38.8759704" lon="-77.28453810000002"/><trkpt lat="38.8758606" lon="-77.28428150000002"/><trkpt lat="38.8758101" lon="-77.28417660000002"/><trkpt lat="38.8757362" lon="-77.28404089999998"/><trkpt lat="38.8756946" lon="-77.28395469999998"/><trkpt lat="38.8756603" lon="-77.2838979"/><trkpt lat="38.8756242" lon="-77.28383830000001"/><trkpt lat="38.8755877" lon="-77.28377280000001"/><trkpt lat="38.8755815" lon="-77.28375260000001"/><trkpt lat="38.8755783" lon="-77.28373249999999"/><trkpt lat="38.8755791" lon="-77.28369450000002"/><trkpt lat="38.8755802" lon="-77.2836446"/><trkpt lat="38.8755278" lon="-77.28363999999999"/><trkpt lat="38.8754923" lon="-77.28362390000001"/><trkpt lat="38.8754648" lon="-77.2835996"/><trkpt lat="38.875436" lon="-77.2835622"/><trkpt lat="38.8753879" lon="-77.2835139"/><trkpt lat="38.8753232" lon="-77.28344959999998"/><trkpt lat="38.875209" lon="-77.28332210000002"/><trkpt lat="38.8749244" lon="-77.28301240000002"/><trkpt lat="38.874638" lon="-77.28269669999997"/><trkpt lat="38.8745735" lon="-77.28261809999998"/><trkpt lat="38.8745046" lon="-77.28253760000001"/><trkpt lat="38.8744503" lon="-77.28248930000001"/><trkpt lat="38.8743585" lon="-77.28240619999997"/><trkpt lat="38.8742624" lon="-77.28230689999998"/><trkpt lat="38.8741726" lon="-77.28220770000001"/><trkpt lat="38.8740766" lon="-77.28210309999997"/><trkpt lat="38.8739471" lon="-77.2819609"/><trkpt lat="38.873803" lon="-77.28179999999998"/><trkpt lat="38.8737564" lon="-77.28174590000003"/><trkpt lat="38.8736944" lon="-77.28167389999999"/><trkpt lat="38.8736625" lon="-77.28163219999999"/><trkpt lat="38.8736513" lon="-77.28160259999999"/><trkpt lat="38.8735611" lon="-77.28150579999999"/><trkpt lat="38.8735045" lon="-77.28144810000003"/><trkpt lat="38.8734919" lon="-77.28143520000003"/><trkpt lat="38.8734652" lon="-77.28141949999997"/><trkpt lat="38.8734188" lon="-77.28136549999999"/><trkpt lat="38.8733081" lon="-77.28124209999999"/><trkpt lat="38.8731724" lon="-77.28109189999998"/><trkpt lat="38.8730429" lon="-77.28093899999999"/><trkpt lat="38.8729615" lon="-77.28084509999996"/><trkpt lat="38.8728717" lon="-77.28074320000002"/><trkpt lat="38.8727861" lon="-77.2806493"/><trkpt lat="38.8726963" lon="-77.28055540000003"/><trkpt lat="38.8726274" lon="-77.2804777"/><trkpt lat="38.8725376" lon="-77.2803811"/><trkpt lat="38.8724248" lon="-77.28025500000001"/><trkpt lat="38.8723246" lon="-77.2801397"/><trkpt lat="38.8722285" lon="-77.2800297"/><trkpt lat="38.87217" lon="-77.27996000000002"/><trkpt lat="38.8720698" lon="-77.27985000000001"/><trkpt lat="38.8719696" lon="-77.27974010000003"/><trkpt lat="38.8718756" lon="-77.2796247"/><trkpt lat="38.8717357" lon="-77.2794692"/><trkpt lat="38.8716417" lon="-77.27937529999997"/><trkpt lat="38.8714955" lon="-77.27923040000002"/><trkpt lat="38.8713911" lon="-77.27913390000003"/><trkpt lat="38.8713577" lon="-77.27910710000003"/><trkpt lat="38.871341" lon="-77.2790776"/><trkpt lat="38.871336" lon="-77.27905609999999"/><trkpt lat="38.871261" lon="-77.27899880000001"/><trkpt lat="38.871199" lon="-77.27894659999998"/><trkpt lat="38.8711706" lon="-77.2789444"/><trkpt lat="38.8711627" lon="-77.27894370000001"/><trkpt lat="38.8711495" lon="-77.27894270000002"/><trkpt lat="38.8711213" lon="-77.27891740000001"/><trkpt lat="38.8710758" lon="-77.2788764"/><trkpt lat="38.8709359" lon="-77.27878250000003"/><trkpt lat="38.8706644" lon="-77.27858939999999"/><trkpt lat="38.8704263" lon="-77.2784231"/><trkpt lat="38.8703509" lon="-77.2783728"/><trkpt lat="38.8701987" lon="-77.27826479999999"/><trkpt lat="38.870063" lon="-77.27816559999997"/><trkpt lat="38.8699481" lon="-77.27809589999998"/><trkpt lat="38.869827" lon="-77.27800730000001"/><trkpt lat="38.8696996" lon="-77.27790540000001"/><trkpt lat="38.869637" lon="-77.27784109999999"/><trkpt lat="38.8695513" lon="-77.27775789999998"/><trkpt lat="38.869543" lon="-77.27773379999996"/><trkpt lat="38.8695326" lon="-77.27769890000002"/><trkpt lat="38.8694895" lon="-77.27763170000003"/><trkpt lat="38.8694156" lon="-77.27755669999999"/><trkpt lat="38.8693968" lon="-77.2775522"/><trkpt lat="38.8693676" lon="-77.27752190000001"/><trkpt lat="38.8693318" lon="-77.2774695"/><trkpt lat="38.8692444" lon="-77.27733410000002"/><trkpt lat="38.8691316" lon="-77.27711950000003"/><trkpt lat="38.8690321" lon="-77.27692890000003"/><trkpt lat="38.869" lon="-77.27686740000001"/><trkpt lat="38.8689472" lon="-77.27676969999999"/><trkpt lat="38.8688246" lon="-77.27654289999998"/><trkpt lat="38.86862" lon="-77.27615930000002"/><trkpt lat="38.8685427" lon="-77.27601979999997"/><trkpt lat="38.8685243" lon="-77.27598330000001"/><trkpt lat="38.8684913" lon="-77.27591789999997"/><trkpt lat="38.8684763" lon="-77.27589109999997"/><trkpt lat="38.8684687" lon="-77.27587770000002"/><trkpt lat="38.8684612" lon="-77.27586429999997"/><trkpt lat="38.8682858" lon="-77.27553699999999"/><trkpt lat="38.8680958" lon="-77.27516149999997"/><trkpt lat="38.8680696" lon="-77.2751068"/><trkpt lat="38.8680344" lon="-77.27503569999999"/><trkpt lat="38.8680135" lon="-77.27499360000002"/><trkpt lat="38.8678911" lon="-77.27476189999999"/><trkpt lat="38.8678624" lon="-77.2747043"/><trkpt lat="38.8678437" lon="-77.2746687"/><trkpt lat="38.8678061" lon="-77.2745969"/><trkpt lat="38.8677668" lon="-77.2745185"/><trkpt lat="38.8676844" lon="-77.2743595"/><trkpt lat="38.8675904" lon="-77.2741772"/><trkpt lat="38.8675382" lon="-77.27406719999999"/><trkpt lat="38.8674902" lon="-77.2739626"/><trkpt lat="38.8674547" lon="-77.2738607"/><trkpt lat="38.8674087" lon="-77.27376140000001"/><trkpt lat="38.8673732" lon="-77.27364610000001"/><trkpt lat="38.8673314" lon="-77.27351199999998"/><trkpt lat="38.8673085" lon="-77.2734208"/><trkpt lat="38.8673066" lon="-77.27335629999999"/><trkpt lat="38.8672716" lon="-77.27324010000001"/><trkpt lat="38.8672217" lon="-77.27307259999998"/><trkpt lat="38.8672088" lon="-77.27302129999998"/><trkpt lat="38.8671887" lon="-77.27299240000002"/><trkpt lat="38.8672007" lon="-77.2729266"/><trkpt lat="38.8672072" lon="-77.27289080000003"/><trkpt lat="38.8672166" lon="-77.27283869999997"/><trkpt lat="38.8671846" lon="-77.27281449999998"/><trkpt lat="38.8671706" lon="-77.27280389999999"/><trkpt lat="38.8671435" lon="-77.2727744"/><trkpt lat="38.8671247" lon="-77.2727314"/><trkpt lat="38.8670934" lon="-77.27260539999997"/><trkpt lat="38.8670182" lon="-77.2723828"/><trkpt lat="38.8669514" lon="-77.27217089999999"/><trkpt lat="38.8668887" lon="-77.27195360000002"/><trkpt lat="38.8668198" lon="-77.27173099999999"/><trkpt lat="38.8667814" lon="-77.27161230000002"/><trkpt lat="38.8667425" lon="-77.27149229999998"/><trkpt lat="38.8666548" lon="-77.27128570000002"/><trkpt lat="38.8665922" lon="-77.27115700000002"/><trkpt lat="38.8665065" lon="-77.27100680000001"/><trkpt lat="38.866423" lon="-77.27087"/><trkpt lat="38.8662747" lon="-77.27072780000003"/><trkpt lat="38.866139" lon="-77.27062590000003"/><trkpt lat="38.8659886" lon="-77.2704918"/><trkpt lat="38.865762" lon="-77.2703315"/><trkpt lat="38.8656649" lon="-77.27029870000001"/><trkpt lat="38.8655709" lon="-77.27025839999999"/><trkpt lat="38.8654832" lon="-77.27021819999999"/><trkpt lat="38.8654268" lon="-77.2702021"/><trkpt lat="38.8653412" lon="-77.27018599999997"/><trkpt lat="38.8651679" lon="-77.27014580000002"/><trkpt lat="38.8651052" lon="-77.27011900000002"/><trkpt lat="38.8650606" lon="-77.27010769999998"/><trkpt lat="38.8649945" lon="-77.27008990000002"/><trkpt lat="38.8648558" lon="-77.270061"/><trkpt lat="38.8647752" lon="-77.27004269999998"/><trkpt lat="38.8647558" lon="-77.27003109999998"/><trkpt lat="38.8647231" lon="-77.2700491"/><trkpt lat="38.8647055" lon="-77.27005750000001"/><trkpt lat="38.8646828" lon="-77.27006360000001"/><trkpt lat="38.8646559" lon="-77.27006360000001"/><trkpt lat="38.8640671" lon="-77.26999710000001"/><trkpt lat="38.8638226" lon="-77.26996939999998"/><trkpt lat="38.8636307" lon="-77.26994910000002"/><trkpt lat="38.8635714" lon="-77.2699528"/><trkpt lat="38.8635229" lon="-77.26996259999999"/><trkpt lat="38.8634749" lon="-77.26996959999997"/><trkpt lat="38.8634301" lon="-77.26996889999998"/><trkpt lat="38.8626891" lon="-77.26988919999997"/><trkpt lat="38.8625024" lon="-77.2698785"/><trkpt lat="38.8623024" lon="-77.26987730000002"/><trkpt lat="38.8621918" lon="-77.26988489999997"/><trkpt lat="38.8621281" lon="-77.26988949999998"/><trkpt lat="38.8620364" lon="-77.26989880000002"/><trkpt lat="38.8619501" lon="-77.26991420000002"/><trkpt lat="38.8617947" lon="-77.26994109999998"/><trkpt lat="38.8616319" lon="-77.26997819999997"/><trkpt lat="38.8613714" lon="-77.2700567"/><trkpt lat="38.861011" lon="-77.27019310000003"/><trkpt lat="38.8608734" lon="-77.27025830000002"/><trkpt lat="38.8608181" lon="-77.27025259999999"/><trkpt lat="38.8607446" lon="-77.2702749"/><trkpt lat="38.8607407" lon="-77.27021769999999"/><trkpt lat="38.8607408" lon="-77.2701864"/><trkpt lat="38.8607412" lon="-77.270106"/><trkpt lat="38.8607427" lon="-77.26979289999997"/><trkpt lat="38.8607597" lon="-77.26972510000002"/><trkpt lat="38.8607765" lon="-77.269657"/><trkpt lat="38.8608005" lon="-77.26960220000001"/><trkpt lat="38.860838" lon="-77.2695822"/><trkpt lat="38.8608611" lon="-77.26956989999996"/><trkpt lat="38.8613504" lon="-77.26952740000002"/><trkpt lat="38.8614281" lon="-77.26952010000002"/><trkpt lat="38.8614395" lon="-77.26945699999999"/><trkpt lat="38.8614609" lon="-77.2693916"/><trkpt lat="38.8614841" lon="-77.269316"/><trkpt lat="38.86151" lon="-77.26923750000003"/><trkpt lat="38.8615463" lon="-77.26912670000002"/><trkpt lat="38.8615888" lon="-77.26895109999998"/><trkpt lat="38.8616037" lon="-77.26880080000001"/><trkpt lat="38.8616138" lon="-77.26864410000002"/><trkpt lat="38.8616274" lon="-77.26811140000001"/><trkpt lat="38.8616394" lon="-77.2671219"/><trkpt lat="38.8616279" lon="-77.26706680000001"/><trkpt lat="38.8616103" lon="-77.2670142"/><trkpt lat="38.8615785" lon="-77.26697139999999"/><trkpt lat="38.8615359" lon="-77.2669353"/><trkpt lat="38.8614857" lon="-77.2668822"/><trkpt lat="38.8614397" lon="-77.26681769999999"/><trkpt lat="38.8613182" lon="-77.266548"/><trkpt lat="38.8612686" lon="-77.26647009999999"/><trkpt lat="38.8612106" lon="-77.26639269999998"/><trkpt lat="38.8610773" lon="-77.26621539999996"/><trkpt lat="38.8610557" lon="-77.26617679999998"/><trkpt lat="38.8610285" lon="-77.26607189999999"/><trkpt lat="38.8610029" lon="-77.26596670000004"/><trkpt lat="38.8609843" lon="-77.26590069999997"/><trkpt lat="38.8609143" lon="-77.26572980000003"/><trkpt lat="38.8608754" lon="-77.26565499999998"/><trkpt lat="38.8608469" lon="-77.2655954"/><trkpt lat="38.8608275" lon="-77.26554249999998"/><trkpt lat="38.8608093" lon="-77.26546059999998"/><trkpt lat="38.860789" lon="-77.26532689999999"/><trkpt lat="38.8607752" lon="-77.2652534"/><trkpt lat="38.8607536" lon="-77.26516620000001"/><trkpt lat="38.8607443" lon="-77.26512009999999"/><trkpt lat="38.8607395" lon="-77.26504039999998"/><trkpt lat="38.8607333" lon="-77.26499160000003"/><trkpt lat="38.8607208" lon="-77.26494709999997"/><trkpt lat="38.8606818" lon="-77.2648542"/><trkpt lat="38.8606756" lon="-77.2648299"/><trkpt lat="38.8606745" lon="-77.26479819999997"/><trkpt lat="38.8606783" lon="-77.26475110000001"/><trkpt lat="38.8606804" lon="-77.26469159999999"/><trkpt lat="38.8606728" lon="-77.2645928"/><trkpt lat="38.8606416" lon="-77.26445860000001"/><trkpt lat="38.8606083" lon="-77.26437440000001"/><trkpt lat="38.8605947" lon="-77.26433500000002"/><trkpt lat="38.8605899" lon="-77.2642947"/><trkpt lat="38.8605817" lon="-77.26421219999997"/><trkpt lat="38.8605681" lon="-77.26413409999998"/><trkpt lat="38.860551" lon="-77.26408650000002"/><trkpt lat="38.8605275" lon="-77.2640328"/><trkpt lat="38.8604954" lon="-77.2639709"/><trkpt lat="38.8604648" lon="-77.26389460000001"/><trkpt lat="38.8604397" lon="-77.26382289999998"/><trkpt lat="38.8604261" lon="-77.26377050000002"/><trkpt lat="38.8604155" lon="-77.26370350000002"/><trkpt lat="38.8604001" lon="-77.26361070000002"/><trkpt lat="38.8603809" lon="-77.26351549999998"/><trkpt lat="38.8603704" lon="-77.26345120000002"/><trkpt lat="38.8603675" lon="-77.2633889"/><trkpt lat="38.860378" lon="-77.26329379999999"/><trkpt lat="38.8603976" lon="-77.26321840000003"/><trkpt lat="38.8604326" lon="-77.2631308"/><trkpt lat="38.8604852" lon="-77.26305389999999"/><trkpt lat="38.86057" lon="-77.26294619999999"/><trkpt lat="38.8606511" lon="-77.2628181"/><trkpt lat="38.8607322" lon="-77.2626732"/><trkpt lat="38.8607771" lon="-77.26258339999998"/><trkpt lat="38.8608204" lon="-77.2624897"/><trkpt lat="38.8608579" lon="-77.26237200000003"/><trkpt lat="38.8608786" lon="-77.2622685"/><trkpt lat="38.8608938" lon="-77.26215969999998"/><trkpt lat="38.8608906" lon="-77.26210750000001"/><trkpt lat="38.8608819" lon="-77.26204819999998"/><trkpt lat="38.8608731" lon="-77.26199059999999"/><trkpt lat="38.8608691" lon="-77.26193219999999"/><trkpt lat="38.8608739" lon="-77.26184969999997"/><trkpt lat="38.860885" lon="-77.2617669"/><trkpt lat="38.8609232" lon="-77.26160570000002"/><trkpt lat="38.8609994" lon="-77.26137690000002"/><trkpt lat="38.8610558" lon="-77.26122570000001"/><trkpt lat="38.8611112" lon="-77.26110449999999"/><trkpt lat="38.8611426" lon="-77.26105389999998"/><trkpt lat="38.8611847" lon="-77.26097190000002"/><trkpt lat="38.8613265" lon="-77.2606356"/><trkpt lat="38.8613494" lon="-77.26058690000002"/><trkpt lat="38.8613724" lon="-77.2605451"/><trkpt lat="38.8614383" lon="-77.26045569999997"/><trkpt lat="38.8614787" lon="-77.26041329999998"/><trkpt lat="38.8615239" lon="-77.26038399999999"/><trkpt lat="38.8615831" lon="-77.26036929999998"/><trkpt lat="38.8617597" lon="-77.26037350000001"/><trkpt lat="38.8617902" lon="-77.25986449999999"/><trkpt lat="38.8618248" lon="-77.2592032"/><trkpt lat="38.8618525" lon="-77.25872559999999"/><trkpt lat="38.8618782" lon="-77.258285"/><trkpt lat="38.8618863" lon="-77.25806110000002"/><trkpt lat="38.8619087" lon="-77.2576995"/><trkpt lat="38.8619188" lon="-77.25752260000002"/><trkpt lat="38.861921" lon="-77.2573549"/><trkpt lat="38.8619162" lon="-77.25729790000003"/><trkpt lat="38.8619032" lon="-77.25721699999997"/><trkpt lat="38.8618801" lon="-77.25711380000001"/><trkpt lat="38.8618624" lon="-77.25705419999997"/><trkpt lat="38.8618112" lon="-77.2569325"/><trkpt lat="38.8618059" lon="-77.25691760000001"/><trkpt lat="38.861786" lon="-77.2569274"/><trkpt lat="38.8617522" lon="-77.25692759999998"/><trkpt lat="38.8616738" lon="-77.25690480000003"/><trkpt lat="38.8616299" lon="-77.25688389999999"/><trkpt lat="38.8615895" lon="-77.25686059999998"/><trkpt lat="38.8613369" lon="-77.25661980000001"/><trkpt lat="38.8611878" lon="-77.25647759999998"/><trkpt lat="38.8611067" lon="-77.25639390000003"/><trkpt lat="38.861029" lon="-77.25630209999997"/><trkpt lat="38.8608728" lon="-77.25610130000001"/><trkpt lat="38.8607749" lon="-77.25599019999999"/><trkpt lat="38.8606441" lon="-77.2558598"/><trkpt lat="38.8605051" lon="-77.25573159999999"/><trkpt lat="38.8604449" lon="-77.25566149999997"/><trkpt lat="38.8603803" lon="-77.25557090000001"/><trkpt lat="38.860317" lon="-77.2554907"/><trkpt lat="38.8602514" lon="-77.25541550000003"/><trkpt lat="38.8600886" lon="-77.25524330000002"/><trkpt lat="38.8599279" lon="-77.25507949999997"/><trkpt lat="38.8598522" lon="-77.25501020000002"/><trkpt lat="38.8597738" lon="-77.2549421"/><trkpt lat="38.8596469" lon="-77.25484640000002"/><trkpt lat="38.8595576" lon="-77.25476259999999"/><trkpt lat="38.8595289" lon="-77.25472939999997"/><trkpt lat="38.8594977" lon="-77.2546987"/><trkpt lat="38.8594677" lon="-77.25466740000002"/><trkpt lat="38.859419" lon="-77.25461680000001"/><trkpt lat="38.8593713" lon="-77.25457399999999"/><trkpt lat="38.8593288" lon="-77.2545308"/><trkpt lat="38.8592656" lon="-77.25444390000001"/><trkpt lat="38.8592039" lon="-77.25437770000002"/><trkpt lat="38.8590531" lon="-77.25423710000001"/><trkpt lat="38.858872" lon="-77.25408199999998"/><trkpt lat="38.8586756" lon="-77.25392629999999"/><trkpt lat="38.8585875" lon="-77.25388780000003"/><trkpt lat="38.858472" lon="-77.25383690000001"/><trkpt lat="38.858366" lon="-77.25375400000001"/><trkpt lat="38.8582459" lon="-77.25365390000002"/><trkpt lat="38.8581221" lon="-77.25357789999998"/><trkpt lat="38.8581018" lon="-77.25356540000001"/><trkpt lat="38.8579336" lon="-77.25344889999997"/><trkpt lat="38.857753" lon="-77.2532999"/><trkpt lat="38.8575415" lon="-77.25310400000001"/><trkpt lat="38.8574887" lon="-77.25305330000003"/><trkpt lat="38.8574322" lon="-77.25301000000002"/><trkpt lat="38.8573479" lon="-77.25295819999997"/><trkpt lat="38.8572226" lon="-77.25288109999997"/><trkpt lat="38.8571243" lon="-77.25281440000003"/><trkpt lat="38.85707" lon="-77.25277679999999"/><trkpt lat="38.8570368" lon="-77.25272259999997"/><trkpt lat="38.8570191" lon="-77.25265289999999"/><trkpt lat="38.857005" lon="-77.2525445"/><trkpt lat="38.8569973" lon="-77.25246600000003"/><trkpt lat="38.8569874" lon="-77.25237040000002"/><trkpt lat="38.8569684" lon="-77.25228219999997"/><trkpt lat="38.8569419" lon="-77.25217420000001"/><trkpt lat="38.8569002" lon="-77.25202230000002"/><trkpt lat="38.8568193" lon="-77.25179780000002"/><trkpt lat="38.8567399" lon="-77.25155640000003"/><trkpt lat="38.8566668" lon="-77.25128289999998"/><trkpt lat="38.8566209" lon="-77.25109509999999"/><trkpt lat="38.8565373" lon="-77.25083489999997"/><trkpt lat="38.8564767" lon="-77.2505971"/><trkpt lat="38.856435" lon="-77.25052110000001"/><trkpt lat="38.8564058" lon="-77.2504755"/><trkpt lat="38.8563682" lon="-77.25042719999999"/><trkpt lat="38.8563139" lon="-77.2503226"/><trkpt lat="38.8562783" lon="-77.25021529999998"/><trkpt lat="38.8562568" lon="-77.25008300000002"/><trkpt lat="38.8562401" lon="-77.250002"/><trkpt lat="38.8561802" lon="-77.2497459"/><trkpt lat="38.8561468" lon="-77.24960650000003"/><trkpt lat="38.8561236" lon="-77.24946970000002"/><trkpt lat="38.8561157" lon="-77.24938329999998"/><trkpt lat="38.8561082" lon="-77.24931679999997"/><trkpt lat="38.8560969" lon="-77.24924169999997"/><trkpt lat="38.8560754" lon="-77.2491746"/><trkpt lat="38.8560378" lon="-77.24910190000003"/><trkpt lat="38.8559846" lon="-77.24901290000003"/><trkpt lat="38.8559361" lon="-77.24891789999998"/><trkpt lat="38.8558946" lon="-77.24879140000002"/><trkpt lat="38.8558415" lon="-77.24860790000002"/><trkpt lat="38.8557174" lon="-77.24827800000003"/><trkpt lat="38.8556764" lon="-77.24817150000001"/><trkpt lat="38.8556286" lon="-77.2480481"/><trkpt lat="38.8555912" lon="-77.24790860000002"/><trkpt lat="38.8555467" lon="-77.24771550000003"/><trkpt lat="38.8555038" lon="-77.2475101"/><trkpt lat="38.8554554" lon="-77.24736150000001"/><trkpt lat="38.855399" lon="-77.2472166"/><trkpt lat="38.8553363" lon="-77.24704500000001"/><trkpt lat="38.8552068" lon="-77.24671510000002"/><trkpt lat="38.8551191" lon="-77.24647099999999"/><trkpt lat="38.8550607" lon="-77.24633699999998"/><trkpt lat="38.8549838" lon="-77.24617169999999"/><trkpt lat="38.8549432" lon="-77.2460724"/><trkpt lat="38.854893" lon="-77.24596839999998"/><trkpt lat="38.8548392" lon="-77.24585409999997"/><trkpt lat="38.854757" lon="-77.24567939999997"/><trkpt lat="38.8547369" lon="-77.2456368"/><trkpt lat="38.8546011" lon="-77.24530149999998"/><trkpt lat="38.854505" lon="-77.24508689999999"/><trkpt lat="38.8544424" lon="-77.24494479999998"/><trkpt lat="38.8544123" lon="-77.24486839999997"/><trkpt lat="38.8543672" lon="-77.24474359999999"/><trkpt lat="38.8543275" lon="-77.24462829999999"/><trkpt lat="38.854269" lon="-77.24445660000003"/><trkpt lat="38.8542168" lon="-77.24431179999999"/><trkpt lat="38.8541625" lon="-77.24419649999999"/><trkpt lat="38.8540894" lon="-77.24404090000002"/><trkpt lat="38.8540058" lon="-77.24386390000001"/><trkpt lat="38.8538826" lon="-77.24359300000003"/><trkpt lat="38.8537614" lon="-77.24331669999998"/><trkpt lat="38.8537008" lon="-77.24320139999998"/><trkpt lat="38.8535797" lon="-77.24299480000002"/><trkpt lat="38.8533433" lon="-77.2426082"/><trkpt lat="38.8531939" lon="-77.2423584"/><trkpt lat="38.8530019" lon="-77.24202389999999"/><trkpt lat="38.8529532" lon="-77.24197140000001"/><trkpt lat="38.8528247" lon="-77.24183909999999"/><trkpt lat="38.8527086" lon="-77.24171530000001"/><trkpt lat="38.8526021" lon="-77.2415795"/><trkpt lat="38.8525645" lon="-77.24149549999998"/><trkpt lat="38.8525165" lon="-77.24142569999998"/><trkpt lat="38.8524664" lon="-77.24136399999998"/><trkpt lat="38.8523786" lon="-77.24129160000001"/><trkpt lat="38.8521489" lon="-77.24111879999998"/><trkpt lat="38.8519337" lon="-77.24096710000003"/><trkpt lat="38.8516329" lon="-77.24072569999998"/><trkpt lat="38.8513447" lon="-77.24051380000003"/><trkpt lat="38.8511065" lon="-77.24033409999998"/><trkpt lat="38.8509724" lon="-77.24024309999999"/><trkpt lat="38.8508512" lon="-77.24016260000002"/><trkpt lat="38.8507133" lon="-77.2401036"/><trkpt lat="38.8505546" lon="-77.24001240000001"/><trkpt lat="38.8504209" lon="-77.23993200000001"/><trkpt lat="38.8502795" lon="-77.2398268"/><trkpt lat="38.8500956" lon="-77.23969440000002"/><trkpt lat="38.8498862" lon="-77.23957259999997"/><trkpt lat="38.8496104" lon="-77.23940629999998"/><trkpt lat="38.8494726" lon="-77.23929900000002"/><trkpt lat="38.8492135" lon="-77.23914880000001"/><trkpt lat="38.8490339" lon="-77.2390039"/><trkpt lat="38.8489044" lon="-77.23891809999998"/><trkpt lat="38.8487885" lon="-77.23882950000001"/><trkpt lat="38.8486495" lon="-77.23871429999997"/><trkpt lat="38.8485099" lon="-77.23863540000002"/><trkpt lat="38.8484114" lon="-77.23856410000002"/><trkpt lat="38.848275" lon="-77.23848780000003"/><trkpt lat="38.8481607" lon="-77.23843529999999"/><trkpt lat="38.8480571" lon="-77.23838890000002"/><trkpt lat="38.8479362" lon="-77.23831059999998"/><trkpt lat="38.8477602" lon="-77.2382298"/><trkpt lat="38.8476076" lon="-77.23815079999997"/><trkpt lat="38.847499" lon="-77.23807829999998"/><trkpt lat="38.8474164" lon="-77.23801800000001"/><trkpt lat="38.8473361" lon="-77.23796299999998"/><trkpt lat="38.8472463" lon="-77.23792809999998"/><trkpt lat="38.8471505" lon="-77.2378678"/><trkpt lat="38.8470685" lon="-77.23780490000001"/><trkpt lat="38.8469435" lon="-77.2376946"/><trkpt lat="38.8468566" lon="-77.237597"/><trkpt lat="38.8467315" lon="-77.23745550000001"/><trkpt lat="38.8466693" lon="-77.2374011"/><trkpt lat="38.8465962" lon="-77.23737840000001"/><trkpt lat="38.8464629" lon="-77.2373488"/><trkpt lat="38.8463979" lon="-77.23732489999998"/><trkpt lat="38.8463394" lon="-77.23730599999999"/><trkpt lat="38.8462862" lon="-77.2372499"/><trkpt lat="38.846266" lon="-77.23723749999999"/><trkpt lat="38.8462467" lon="-77.23723039999999"/><trkpt lat="38.8462286" lon="-77.23722989999999"/><trkpt lat="38.846208" lon="-77.23723799999999"/><trkpt lat="38.8461348" lon="-77.23730510000001"/><trkpt lat="38.8460983" lon="-77.23733649999997"/><trkpt lat="38.8460828" lon="-77.23734279999996"/><trkpt lat="38.8460682" lon="-77.23734109999998"/><trkpt lat="38.8460534" lon="-77.23732760000001"/><trkpt lat="38.8460215" lon="-77.23726160000001"/><trkpt lat="38.8460178" lon="-77.23724149999998"/><trkpt lat="38.8460197" lon="-77.2372052"/><trkpt lat="38.8460263" lon="-77.23714760000001"/><trkpt lat="38.8460486" lon="-77.23692979999998"/><trkpt lat="38.8460633" lon="-77.23677659999998"/><trkpt lat="38.846069" lon="-77.23663299999998"/><trkpt lat="38.8460789" lon="-77.23653719999999"/><trkpt lat="38.846087" lon="-77.23645699999997"/><trkpt lat="38.8460903" lon="-77.23639650000001"/><trkpt lat="38.8460855" lon="-77.2363507"/><trkpt lat="38.8460598" lon="-77.23619359999998"/><trkpt lat="38.8460362" lon="-77.23607850000002"/><trkpt lat="38.8460359" lon="-77.23604"/><trkpt lat="38.846053" lon="-77.2359836"/><trkpt lat="38.8460749" lon="-77.23593410000001"/><trkpt lat="38.8461139" lon="-77.2358572"/><trkpt lat="38.8461539" lon="-77.2357882"/><trkpt lat="38.8461884" lon="-77.2357222"/><trkpt lat="38.8462097" lon="-77.23564950000002"/><trkpt lat="38.8462129" lon="-77.23559920000002"/><trkpt lat="38.8462163" lon="-77.23546420000002"/><trkpt lat="38.8462171" lon="-77.2352631"/><trkpt lat="38.8462268" lon="-77.23507289999998"/><trkpt lat="38.8462306" lon="-77.2348412"/><trkpt lat="38.8462222" lon="-77.23464710000002"/><trkpt lat="38.8462032" lon="-77.23431820000002"/><trkpt lat="38.8461942" lon="-77.23420720000001"/><trkpt lat="38.8461823" lon="-77.23412559999997"/><trkpt lat="38.8461645" lon="-77.2340562"/><trkpt lat="38.8461314" lon="-77.23398759999998"/><trkpt lat="38.8460827" lon="-77.23393970000001"/><trkpt lat="38.8460033" lon="-77.23387000000002"/><trkpt lat="38.8459281" lon="-77.2338163"/><trkpt lat="38.8458285" lon="-77.23375269999997"/><trkpt lat="38.8456989" lon="-77.23366240000001"/><trkpt lat="38.8456779" lon="-77.23365509999996"/><trkpt lat="38.8455968" lon="-77.23362689999999"/><trkpt lat="38.8455593" lon="-77.2336138"/><trkpt lat="38.8454013" lon="-77.2335501"/><trkpt lat="38.8452001" lon="-77.23346950000001"/><trkpt lat="38.8450536" lon="-77.23340840000003"/><trkpt lat="38.8448805" lon="-77.23331819999999"/><trkpt lat="38.8448077" lon="-77.23330929999997"/><trkpt lat="38.8447256" lon="-77.23331089999999"/><trkpt lat="38.8446286" lon="-77.23330190000001"/><trkpt lat="38.8445074" lon="-77.23325840000001"/><trkpt lat="38.8444004" lon="-77.23318670000003"/><trkpt lat="38.844338" lon="-77.23314249999999"/><trkpt lat="38.844253" lon="-77.2330488"/><trkpt lat="38.8441479" lon="-77.2329057"/><trkpt lat="38.8440598" lon="-77.23276870000001"/><trkpt lat="38.843962" lon="-77.23259380000002"/><trkpt lat="38.8438875" lon="-77.23243609999997"/><trkpt lat="38.8438157" lon="-77.23228159999996"/><trkpt lat="38.8437137" lon="-77.23215870000001"/><trkpt lat="38.8436699" lon="-77.23210510000001"/><trkpt lat="38.8436176" lon="-77.23205949999999"/><trkpt lat="38.8435675" lon="-77.23200309999999"/><trkpt lat="38.8434818" lon="-77.2318449"/><trkpt lat="38.8432904" lon="-77.23144990000003"/><trkpt lat="38.8431876" lon="-77.2312144"/><trkpt lat="38.8430968" lon="-77.23102519999998"/><trkpt lat="38.8430428" lon="-77.23090990000003"/><trkpt lat="38.8429491" lon="-77.23076850000001"/><trkpt lat="38.8428689" lon="-77.23066369999998"/><trkpt lat="38.8427539" lon="-77.23051859999998"/><trkpt lat="38.8426574" lon="-77.23040120000002"/><trkpt lat="38.8426188" lon="-77.23035429999999"/><trkpt lat="38.8426067" lon="-77.2303253"/><trkpt lat="38.8425947" lon="-77.2302937"/><trkpt lat="38.8425613" lon="-77.23021"/><trkpt lat="38.8424873" lon="-77.23013100000003"/><trkpt lat="38.8424428" lon="-77.23005799999999"/><trkpt lat="38.8423524" lon="-77.22991530000002"/><trkpt lat="38.8423104" lon="-77.22983060000001"/><trkpt lat="38.8422538" lon="-77.22971319999999"/><trkpt lat="38.8422294" lon="-77.2295972"/><trkpt lat="38.8422138" lon="-77.22940140000003"/><trkpt lat="38.8422054" lon="-77.22912510000003"/><trkpt lat="38.8422069" lon="-77.22880800000001"/><trkpt lat="38.8422074" lon="-77.22869379999997"/><trkpt lat="38.8421936" lon="-77.22831009999999"/><trkpt lat="38.8421945" lon="-77.22815579999997"/><trkpt lat="38.842211" lon="-77.22801720000001"/><trkpt lat="38.8422495" lon="-77.22787700000003"/><trkpt lat="38.8422986" lon="-77.22774400000003"/><trkpt lat="38.8423737" lon="-77.22757760000002"/><trkpt lat="38.8425162" lon="-77.2272668"/><trkpt lat="38.8426051" lon="-77.2270866"/><trkpt lat="38.8426896" lon="-77.22695590000001"/><trkpt lat="38.842747" lon="-77.22688419999997"/><trkpt lat="38.842808" lon="-77.2268176"/><trkpt lat="38.8429732" lon="-77.22667000000001"/><trkpt lat="38.843109" lon="-77.22653709999997"/><trkpt lat="38.8432881" lon="-77.2263668"/><trkpt lat="38.843362" lon="-77.22630070000002"/><trkpt lat="38.8434174" lon="-77.22624339999999"/><trkpt lat="38.843463" lon="-77.22619880000002"/><trkpt lat="38.8435896" lon="-77.22608250000002"/><trkpt lat="38.8436406" lon="-77.22602180000001"/><trkpt lat="38.8436949" lon="-77.22596010000001"/><trkpt lat="38.8437489" lon="-77.22589270000003"/><trkpt lat="38.8438225" lon="-77.22580219999998"/><trkpt lat="38.8438922" lon="-77.22571849999997"/><trkpt lat="38.8439823" lon="-77.2255882"/><trkpt lat="38.8441744" lon="-77.2253068"/><trkpt lat="38.8442722" lon="-77.22516159999998"/><trkpt lat="38.8442983" lon="-77.22509509999998"/><trkpt lat="38.8443044" lon="-77.22501199999999"/><trkpt lat="38.8443089" lon="-77.22492290000002"/><trkpt lat="38.8443031" lon="-77.22486040000001"/><trkpt lat="38.8442869" lon="-77.2247974"/><trkpt lat="38.8442154" lon="-77.2246614"/><trkpt lat="38.8440995" lon="-77.2245001"/><trkpt lat="38.8439104" lon="-77.22429929999998"/><trkpt lat="38.8437963" lon="-77.22419050000002"/><trkpt lat="38.8437038" lon="-77.2240979"/><trkpt lat="38.8436308" lon="-77.22397269999999"/><trkpt lat="38.8435901" lon="-77.22386899999998"/><trkpt lat="38.8435689" lon="-77.22377770000003"/><trkpt lat="38.8435614" lon="-77.22373049999999"/><trkpt lat="38.8435552" lon="-77.2236398"/><trkpt lat="38.8435558" lon="-77.22351079999999"/><trkpt lat="38.8435465" lon="-77.22341570000003"/><trkpt lat="38.8435062" lon="-77.22314740000002"/><trkpt lat="38.8435121" lon="-77.2230649"/><trkpt lat="38.8435343" lon="-77.22299049999998"/><trkpt lat="38.8436053" lon="-77.2228288"/><trkpt lat="38.8436525" lon="-77.22272140000001"/><trkpt lat="38.8436855" lon="-77.2226503"/><trkpt lat="38.8437096" lon="-77.22256199999998"/><trkpt lat="38.843724" lon="-77.22247540000001"/><trkpt lat="38.8437291" lon="-77.222397"/><trkpt lat="38.8437373" lon="-77.2222054"/><trkpt lat="38.8437344" lon="-77.22211709999999"/><trkpt lat="38.8437252" lon="-77.22204779999998"/><trkpt lat="38.8436987" lon="-77.22197560000001"/><trkpt lat="38.8436623" lon="-77.2219126"/><trkpt lat="38.8436162" lon="-77.22186369999997"/><trkpt lat="38.8435504" lon="-77.22182839999999"/><trkpt lat="38.8434855" lon="-77.2218092"/><trkpt lat="38.8433832" lon="-77.22179260000001"/><trkpt lat="38.8432562" lon="-77.22179460000001"/><trkpt lat="38.8431709" lon="-77.2217966"/><trkpt lat="38.8430947" lon="-77.2217971"/><trkpt lat="38.8429711" lon="-77.22181009999997"/><trkpt lat="38.8428152" lon="-77.22181219999999"/><trkpt lat="38.8426352" lon="-77.2218087"/><trkpt lat="38.8424934" lon="-77.22179779999999"/><trkpt lat="38.8423784" lon="-77.22177879999998"/><trkpt lat="38.8422465" lon="-77.22174469999999"/><trkpt lat="38.8421079" lon="-77.2217104"/><trkpt lat="38.8419123" lon="-77.22167580000001"/><trkpt lat="38.8417365" lon="-77.22165949999999"/><trkpt lat="38.8414962" lon="-77.22165419999999"/><trkpt lat="38.8413713" lon="-77.22165910000001"/><trkpt lat="38.8412965" lon="-77.2216613"/><trkpt lat="38.8412024" lon="-77.22166700000002"/><trkpt lat="38.8411191" lon="-77.22167230000002"/><trkpt lat="38.841047" lon="-77.22168679999999"/><trkpt lat="38.841007" lon="-77.22171049999997"/><trkpt lat="38.8409689" lon="-77.22174359999997"/><trkpt lat="38.8409351" lon="-77.2217761"/><trkpt lat="38.8408947" lon="-77.2218095"/><trkpt lat="38.8408579" lon="-77.221835"/><trkpt lat="38.8408065" lon="-77.2218502"/><trkpt lat="38.8407659" lon="-77.22185439999998"/><trkpt lat="38.840725" lon="-77.22184979999997"/><trkpt lat="38.8406876" lon="-77.22183870000003"/><trkpt lat="38.8406416" lon="-77.22181660000001"/><trkpt lat="38.8406153" lon="-77.22179690000002"/><trkpt lat="38.8404789" lon="-77.22160930000001"/><trkpt lat="38.8404557" lon="-77.221585"/><trkpt lat="38.8404238" lon="-77.2215577"/><trkpt lat="38.8403816" lon="-77.22153450000002"/><trkpt lat="38.8403236" lon="-77.22152310000001"/><trkpt lat="38.8402475" lon="-77.2215162"/><trkpt lat="38.8401891" lon="-77.22151300000002"/><trkpt lat="38.8401021" lon="-77.22150099999999"/><trkpt lat="38.8400139" lon="-77.2214889"/><trkpt lat="38.8398133" lon="-77.2214674"/><trkpt lat="38.8395417" lon="-77.2214406"/><trkpt lat="38.8392743" lon="-77.22141909999999"/><trkpt lat="38.8391364" lon="-77.22140839999997"/><trkpt lat="38.8389044" lon="-77.22139040000002"/><trkpt lat="38.8386967" lon="-77.22136929999999"/><trkpt lat="38.8383506" lon="-77.22133109999999"/><trkpt lat="38.8381156" lon="-77.22131179999997"/><trkpt lat="38.8379199" lon="-77.22129080000002"/><trkpt lat="38.837828" lon="-77.22126809999997"/><trkpt lat="38.8377285" lon="-77.22122999999999"/><trkpt lat="38.8376406" lon="-77.22116699999998"/><trkpt lat="38.8375779" lon="-77.2211026"/><trkpt lat="38.8374651" lon="-77.22102749999999"/><trkpt lat="38.8374024" lon="-77.22096850000003"/><trkpt lat="38.8373439" lon="-77.22092020000002"/><trkpt lat="38.8372593" lon="-77.22083839999999"/><trkpt lat="38.8372057" lon="-77.2207871"/><trkpt lat="38.8371326" lon="-77.22072750000001"/><trkpt lat="38.8370734" lon="-77.22068039999999"/><trkpt lat="38.8369804" lon="-77.22061450000001"/><trkpt lat="38.8368843" lon="-77.2205394"/><trkpt lat="38.8367986" lon="-77.2204782"/><trkpt lat="38.8367443" lon="-77.2204327"/><trkpt lat="38.8366709" lon="-77.22034940000003"/><trkpt lat="38.8366231" lon="-77.2202719"/><trkpt lat="38.8366095" lon="-77.2202504"/><trkpt lat="38.8365601" lon="-77.22017240000002"/><trkpt lat="38.8365074" lon="-77.22010210000002"/><trkpt lat="38.8364619" lon="-77.22005439999998"/><trkpt lat="38.8363987" lon="-77.220013"/><trkpt lat="38.8363039" lon="-77.21997540000001"/><trkpt lat="38.8361199" lon="-77.21993880000002"/><trkpt lat="38.8360774" lon="-77.21991379999997"/><trkpt lat="38.8360714" lon="-77.21990800000003"/><trkpt lat="38.8360552" lon="-77.21989259999998"/><trkpt lat="38.8359979" lon="-77.21981419999997"/><trkpt lat="38.8359582" lon="-77.21976510000002"/><trkpt lat="38.8358993" lon="-77.21969869999998"/><trkpt lat="38.8357627" lon="-77.21956360000001"/><trkpt lat="38.8356851" lon="-77.21951380000002"/><trkpt lat="38.8356251" lon="-77.219492"/><trkpt lat="38.8355433" lon="-77.21947720000003"/><trkpt lat="38.8354686" lon="-77.21943069999998"/><trkpt lat="38.8353967" lon="-77.21934850000002"/><trkpt lat="38.8353089" lon="-77.21927870000002"/><trkpt lat="38.8352035" lon="-77.21916870000001"/><trkpt lat="38.8350865" lon="-77.21905670000001"/><trkpt lat="38.8349993" lon="-77.21898550000003"/><trkpt lat="38.8349181" lon="-77.21893620000003"/><trkpt lat="38.8348198" lon="-77.21889040000002"/><trkpt lat="38.8344495" lon="-77.2188969"/><trkpt lat="38.8343718" lon="-77.21889959999999"/><trkpt lat="38.8342876" lon="-77.21892579999997"/><trkpt lat="38.8342495" lon="-77.21894939999999"/><trkpt lat="38.8341199" lon="-77.21904110000003"/><trkpt lat="38.8340149" lon="-77.2191373"/><trkpt lat="38.833957" lon="-77.21919650000001"/><trkpt lat="38.8338648" lon="-77.21926889999997"/><trkpt lat="38.8337243" lon="-77.2193603"/><trkpt lat="38.8333181" lon="-77.21955130000003"/><trkpt lat="38.8331478" lon="-77.21970390000001"/><trkpt lat="38.8330883" lon="-77.2197731"/><trkpt lat="38.8330549" lon="-77.21983410000001"/><trkpt lat="38.8330355" lon="-77.21990920000002"/><trkpt lat="38.8330274" lon="-77.22002980000002"/><trkpt lat="38.8330399" lon="-77.22012089999998"/><trkpt lat="38.8330782" lon="-77.22019829999999"/><trkpt lat="38.833163" lon="-77.220302"/><trkpt lat="38.833195" lon="-77.22036129999998"/><trkpt lat="38.8332141" lon="-77.22043780000001"/><trkpt lat="38.8332253" lon="-77.22050100000001"/><trkpt lat="38.833239" lon="-77.220576"/><trkpt lat="38.8332482" lon="-77.22067420000002"/><trkpt lat="38.8332455" lon="-77.22076600000003"/><trkpt lat="38.8332387" lon="-77.2208359"/><trkpt lat="38.8332216" lon="-77.22092680000003"/><trkpt lat="38.8331905" lon="-77.22103679999998"/><trkpt lat="38.8331533" lon="-77.22110880000002"/><trkpt lat="38.8331241" lon="-77.2211896"/><trkpt lat="38.8331216" lon="-77.22125699999998"/><trkpt lat="38.833115" lon="-77.22132420000003"/><trkpt lat="38.832863" lon="-77.22145699999999"/><trkpt lat="38.832519" lon="-77.22168499999998"/><trkpt lat="38.8323637" lon="-77.22180930000002"/><trkpt lat="38.832118" lon="-77.22200599999996"/><trkpt lat="38.831994" lon="-77.22211199999998"/><trkpt lat="38.8318758" lon="-77.22222540000001"/><trkpt lat="38.8318541" lon="-77.22226290000003"/><trkpt lat="38.8318361" lon="-77.22231449999998"/><trkpt lat="38.8317812" lon="-77.22233419999998"/><trkpt lat="38.8316255" lon="-77.22245099999998"/><trkpt lat="38.8314657" lon="-77.22260549999999"/><trkpt lat="38.8311764" lon="-77.22290079999999"/><trkpt lat="38.8310717" lon="-77.2230088"/><trkpt lat="38.8310063" lon="-77.2230697"/><trkpt lat="38.8308807" lon="-77.22315809999998"/><trkpt lat="38.830801" lon="-77.22320109999998"/><trkpt lat="38.8306786" lon="-77.22324320000001"/><trkpt lat="38.8305342" lon="-77.22327960000001"/><trkpt lat="38.8301647" lon="-77.2234512"/><trkpt lat="38.8292529" lon="-77.22393840000001"/><trkpt lat="38.8289646" lon="-77.2241095"/><trkpt lat="38.8287465" lon="-77.22423730000003"/><trkpt lat="38.8286413" lon="-77.22429540000002"/><trkpt lat="38.8286256" lon="-77.2243125"/><trkpt lat="38.8286149" lon="-77.2243355"/><trkpt lat="38.8286095" lon="-77.22435110000004"/><trkpt lat="38.8286032" lon="-77.22437839999998"/><trkpt lat="38.8285985" lon="-77.22440130000001"/><trkpt lat="38.8285937" lon="-77.22445640000001"/><trkpt lat="38.8285973" lon="-77.22450200000003"/><trkpt lat="38.8286024" lon="-77.22456720000002"/><trkpt lat="38.8286035" lon="-77.22461149999998"/><trkpt lat="38.8285948" lon="-77.22464109999999"/><trkpt lat="38.8285824" lon="-77.22465790000001"/><trkpt lat="38.8284824" lon="-77.22472629999999"/><trkpt lat="38.8283985" lon="-77.22481119999998"/><trkpt lat="38.8282923" lon="-77.2248846"/><trkpt lat="38.8282159" lon="-77.22485189999998"/><trkpt lat="38.8281618" lon="-77.2248017"/><trkpt lat="38.8280734" lon="-77.22472449999998"/><trkpt lat="38.8279261" lon="-77.22456390000002"/><trkpt lat="38.8278671" lon="-77.22447499999998"/><trkpt lat="38.8277801" lon="-77.22431970000002"/><trkpt lat="38.8277049" lon="-77.2242263"/><trkpt lat="38.8276336" lon="-77.22417439999998"/><trkpt lat="38.8275309" lon="-77.22413979999999"/><trkpt lat="38.8274455" lon="-77.22412889999998"/><trkpt lat="38.827402" lon="-77.2241338"/><trkpt lat="38.8272938" lon="-77.2241391"/><trkpt lat="38.8271264" lon="-77.22414809999998"/><trkpt lat="38.8269298" lon="-77.224154"/><trkpt lat="38.8267773" lon="-77.22413799999998"/><trkpt lat="38.8267577" lon="-77.22413059999997"/><trkpt lat="38.8267512" lon="-77.22412309999999"/><trkpt lat="38.8267463" lon="-77.2241128"/><trkpt lat="38.8267466" lon="-77.22409429999999"/><trkpt lat="38.8267436" lon="-77.22385789999998"/><trkpt lat="38.8267411" lon="-77.22382829999998"/><trkpt lat="38.8267385" lon="-77.22382019999998"/><trkpt lat="38.8267332" lon="-77.22381210000003"/><trkpt lat="38.8267221" lon="-77.22380570000001"/><trkpt lat="38.8267038" lon="-77.22380829999997"/><trkpt lat="38.8266427" lon="-77.22383630000002"/><trkpt lat="38.8265804" lon="-77.223837"/><trkpt lat="38.8263779" lon="-77.2238365"/><trkpt lat="38.8262691" lon="-77.22383639999998"/><trkpt lat="38.8261172" lon="-77.2238357"/><trkpt lat="38.8260241" lon="-77.22383790000004"/><trkpt lat="38.8259247" lon="-77.22384820000002"/><trkpt lat="38.8258741" lon="-77.22385350000002"/><trkpt lat="38.8257429" lon="-77.22387659999998"/><trkpt lat="38.8256425" lon="-77.2238951"/><trkpt lat="38.8255542" lon="-77.22392000000002"/><trkpt lat="38.8254886" lon="-77.22393"/><trkpt lat="38.8254651" lon="-77.223927"/><trkpt lat="38.8253789" lon="-77.22390419999999"/><trkpt lat="38.8253625" lon="-77.22390129999997"/><trkpt lat="38.8253319" lon="-77.22389599999997"/><trkpt lat="38.8252447" lon="-77.2238812"/><trkpt lat="38.8251062" lon="-77.2238744"/><trkpt lat="38.8247254" lon="-77.22386749999998"/><trkpt lat="38.8243778" lon="-77.2238805"/><trkpt lat="38.8240479" lon="-77.22387679999997"/><trkpt lat="38.8236742" lon="-77.22386549999999"/><trkpt lat="38.8235109" lon="-77.22385550000001"/><trkpt lat="38.8232376" lon="-77.2238461"/><trkpt lat="38.8230843" lon="-77.2238635"/><trkpt lat="38.8230604" lon="-77.22387090000001"/><trkpt lat="38.8230391" lon="-77.22387980000002"/><trkpt lat="38.8230027" lon="-77.22390419999999"/><trkpt lat="38.8229478" lon="-77.22395040000004"/><trkpt lat="38.8228587" lon="-77.22403919999999"/><trkpt lat="38.8227622" lon="-77.22411210000001"/><trkpt lat="38.8226144" lon="-77.22413710000001"/><trkpt lat="38.8225486" lon="-77.22417289999999"/><trkpt lat="38.8224971" lon="-77.2242005"/><trkpt lat="38.8223141" lon="-77.22430079999998"/><trkpt lat="38.8219565" lon="-77.2244771"/><trkpt lat="38.8218572" lon="-77.22453439999998"/><trkpt lat="38.8217261" lon="-77.22459750000002"/><trkpt lat="38.8215797" lon="-77.22463370000003"/><trkpt lat="38.8215063" lon="-77.2246447"/><trkpt lat="38.8214257" lon="-77.22468120000002"/><trkpt lat="38.8213365" lon="-77.22474720000002"/><trkpt lat="38.8212661" lon="-77.22479120000003"/><trkpt lat="38.8211914" lon="-77.22482560000003"/><trkpt lat="38.8209669" lon="-77.22493159999999"/><trkpt lat="38.8208325" lon="-77.22500250000002"/><trkpt lat="38.8206541" lon="-77.2251058"/><trkpt lat="38.8205429" lon="-77.22516610000002"/><trkpt lat="38.820416" lon="-77.22525289999999"/><trkpt lat="38.8202638" lon="-77.2253354"/><trkpt lat="38.820105" lon="-77.22542120000003"/><trkpt lat="38.8198791" lon="-77.22552919999998"/><trkpt lat="38.8195784" lon="-77.2256787"/><trkpt lat="38.8193253" lon="-77.22581639999999"/><trkpt lat="38.8189888" lon="-77.2259932"/><trkpt lat="38.8187048" lon="-77.22615080000003"/><trkpt lat="38.8184268" lon="-77.22631289999998"/><trkpt lat="38.8181425" lon="-77.22645139999997"/><trkpt lat="38.8179086" lon="-77.22654840000001"/><trkpt lat="38.8176388" lon="-77.22669180000003"/><trkpt lat="38.817375" lon="-77.22683360000002"/><trkpt lat="38.8172128" lon="-77.22691559999998"/><trkpt lat="38.81707" lon="-77.22698780000002"/><trkpt lat="38.8169654" lon="-77.22703200000001"/><trkpt lat="38.8168573" lon="-77.22707350000002"/><trkpt lat="38.8167571" lon="-77.22710030000002"/><trkpt lat="38.8165975" lon="-77.22715299999999"/><trkpt lat="38.816487" lon="-77.22720549999997"/><trkpt lat="38.8164287" lon="-77.2272173"/><trkpt lat="38.81641" lon="-77.22722049999999"/><trkpt lat="38.8163934" lon="-77.22721690000003"/><trkpt lat="38.8163682" lon="-77.22720219999997"/><trkpt lat="38.8163025" lon="-77.22713729999998"/><trkpt lat="38.8162587" lon="-77.22709250000003"/><trkpt lat="38.8162307" lon="-77.2270714"/><trkpt lat="38.8161797" lon="-77.22704379999999"/><trkpt lat="38.8161061" lon="-77.22702909999998"/><trkpt lat="38.8159238" lon="-77.22702149999998"/><trkpt lat="38.8157832" lon="-77.22702520000001"/><trkpt lat="38.8157034" lon="-77.22702809999998"/><trkpt lat="38.815543" lon="-77.2270244"/><trkpt lat="38.8154937" lon="-77.22701640000002"/><trkpt lat="38.8154104" lon="-77.2269475"/><trkpt lat="38.8153705" lon="-77.22692619999998"/><trkpt lat="38.8152656" lon="-77.22691029999999"/><trkpt lat="38.8152037" lon="-77.22691559999998"/><trkpt lat="38.8151254" lon="-77.22694469999999"/><trkpt lat="38.8150601" lon="-77.22694339999998"/><trkpt lat="38.8150492" lon="-77.2269432"/><trkpt lat="38.8149486" lon="-77.2269205"/><trkpt lat="38.8148509" lon="-77.22690560000001"/><trkpt lat="38.8146932" lon="-77.2268785"/><trkpt lat="38.8144276" lon="-77.22681410000001"/><trkpt lat="38.8143287" lon="-77.22678200000001"/><trkpt lat="38.8142157" lon="-77.22678359999998"/><trkpt lat="38.8141562" lon="-77.22680809999997"/><trkpt lat="38.8141109" lon="-77.22684679999998"/><trkpt lat="38.8140394" lon="-77.22689930000001"/><trkpt lat="38.8139504" lon="-77.226925"/><trkpt lat="38.8139095" lon="-77.22693459999999"/><trkpt lat="38.8137535" lon="-77.226924"/><trkpt lat="38.8137023" lon="-77.22691480000003"/><trkpt lat="38.8136788" lon="-77.2269197"/><trkpt lat="38.8135539" lon="-77.2270029"/><trkpt lat="38.8135136" lon="-77.22705450000001"/><trkpt lat="38.8134888" lon="-77.22712630000001"/><trkpt lat="38.8134595" lon="-77.22723129999997"/><trkpt lat="38.8134303" lon="-77.2274104"/><trkpt lat="38.8134143" lon="-77.22747149999998"/><trkpt lat="38.8133647" lon="-77.22755110000003"/><trkpt lat="38.8132256" lon="-77.22766910000001"/><trkpt lat="38.8131639" lon="-77.22773259999997"/><trkpt lat="38.8131165" lon="-77.22778649999998"/><trkpt lat="38.8130525" lon="-77.2278637"/><trkpt lat="38.8129794" lon="-77.22791799999999"/><trkpt lat="38.8129299" lon="-77.22793460000003"/><trkpt lat="38.8129124" lon="-77.22794299999998"/><trkpt lat="38.8128486" lon="-77.22797559999998"/><trkpt lat="38.8127673" lon="-77.2280467"/><trkpt lat="38.812675" lon="-77.2281716"/><trkpt lat="38.8126515" lon="-77.22822239999999"/><trkpt lat="38.8126408" lon="-77.22829039999999"/><trkpt lat="38.8126393" lon="-77.22836340000003"/><trkpt lat="38.812631" lon="-77.228451"/><trkpt lat="38.8126105" lon="-77.2285023"/><trkpt lat="38.8125813" lon="-77.2285569"/><trkpt lat="38.8123561" lon="-77.2289063"/><trkpt lat="38.8122766" lon="-77.22901939999997"/><trkpt lat="38.8122158" lon="-77.22908940000002"/><trkpt lat="38.8121224" lon="-77.2291715"/><trkpt lat="38.8120175" lon="-77.22923689999999"/><trkpt lat="38.8119172" lon="-77.22927420000002"/><trkpt lat="38.8118322" lon="-77.22929679999999"/><trkpt lat="38.8118105" lon="-77.22930439999999"/><trkpt lat="38.8117677" lon="-77.22934320000002"/><trkpt lat="38.8117297" lon="-77.22941159999999"/><trkpt lat="38.8117061" lon="-77.22946709999997"/><trkpt lat="38.8116776" lon="-77.2295062"/><trkpt lat="38.8116518" lon="-77.22955179999997"/><trkpt lat="38.8116356" lon="-77.22962059999998"/><trkpt lat="38.8116119" lon="-77.22970140000001"/><trkpt lat="38.8115699" lon="-77.2297825"/><trkpt lat="38.8115244" lon="-77.2298222"/><trkpt lat="38.8114856" lon="-77.22985549999999"/><trkpt lat="38.8114442" lon="-77.22988479999998"/><trkpt lat="38.8114093" lon="-77.22990600000003"/><trkpt lat="38.8113998" lon="-77.22992120000004"/><trkpt lat="38.811381" lon="-77.22998619999998"/><trkpt lat="38.8113644" lon="-77.23002859999997"/><trkpt lat="38.811353" lon="-77.23004359999999"/><trkpt lat="38.8113219" lon="-77.23004760000003"/><trkpt lat="38.8109783" lon="-77.2300333"/><trkpt lat="38.8109065" lon="-77.23000910000002"/><trkpt lat="38.8108495" lon="-77.22999099999998"/><trkpt lat="38.8107935" lon="-77.22997120000002"/><trkpt lat="38.8107239" lon="-77.22994799999998"/><trkpt lat="38.8106821" lon="-77.2299319"/><trkpt lat="38.810616" lon="-77.22990579999998"/><trkpt lat="38.8105787" lon="-77.2299018"/><trkpt lat="38.8105105" lon="-77.2299021"/><trkpt lat="38.8104517" lon="-77.22992199999999"/><trkpt lat="38.8103223" lon="-77.22999620000002"/><trkpt lat="38.81024" lon="-77.23002400000001"/><trkpt lat="38.8100776" lon="-77.23006680000003"/><trkpt lat="38.8100131" lon="-77.23007769999998"/><trkpt lat="38.809945" lon="-77.23010320000003"/><trkpt lat="38.8098247" lon="-77.23018289999999"/><trkpt lat="38.809742" lon="-77.2302388"/><trkpt lat="38.8096597" lon="-77.23030110000002"/><trkpt lat="38.8095826" lon="-77.2303559"/><trkpt lat="38.8095355" lon="-77.23038869999999"/><trkpt lat="38.8094855" lon="-77.23041710000001"/><trkpt lat="38.8094443" lon="-77.23044700000003"/><trkpt lat="38.8094057" lon="-77.23048399999999"/><trkpt lat="38.8093688" lon="-77.23051099999998"/><trkpt lat="38.8093322" lon="-77.2305452"/><trkpt lat="38.8092374" lon="-77.2306193"/><trkpt lat="38.8091832" lon="-77.23066089999998"/><trkpt lat="38.8091085" lon="-77.23071290000001"/><trkpt lat="38.8090012" lon="-77.23078559999999"/><trkpt lat="38.8089292" lon="-77.2308377"/><trkpt lat="38.8088639" lon="-77.23087129999999"/><trkpt lat="38.8087526" lon="-77.23094860000003"/><trkpt lat="38.8086759" lon="-77.23101589999999"/><trkpt lat="38.8086086" lon="-77.23105659999999"/><trkpt lat="38.808557" lon="-77.23109950000003"/><trkpt lat="38.8085095" lon="-77.23111770000003"/><trkpt lat="38.8084406" lon="-77.23113439999997"/><trkpt lat="38.808364" lon="-77.23116370000002"/><trkpt lat="38.8082885" lon="-77.23119329999997"/><trkpt lat="38.8081847" lon="-77.2312607"/><trkpt lat="38.8081131" lon="-77.23129599999999"/><trkpt lat="38.8080711" lon="-77.23131669999998"/><trkpt lat="38.8080124" lon="-77.23134949999996"/><trkpt lat="38.8079604" lon="-77.23137689999999"/><trkpt lat="38.8078998" lon="-77.23141859999998"/><trkpt lat="38.8078203" lon="-77.2314642"/><trkpt lat="38.807697" lon="-77.23152329999999"/><trkpt lat="38.807603" lon="-77.2315769"/><trkpt lat="38.8075194" lon="-77.23162609999997"/><trkpt lat="38.8073945" lon="-77.23166889999999"/><trkpt lat="38.8072897" lon="-77.231696"/><trkpt lat="38.8072132" lon="-77.23172590000001"/><trkpt lat="38.8071674" lon="-77.23176180000002"/><trkpt lat="38.8071133" lon="-77.23181119999998"/><trkpt lat="38.8070717" lon="-77.2318462"/><trkpt lat="38.807038" lon="-77.23187430000002"/><trkpt lat="38.8069945" lon="-77.2318962"/><trkpt lat="38.8069543" lon="-77.2318919"/><trkpt lat="38.8069119" lon="-77.23187519999999"/><trkpt lat="38.8068649" lon="-77.2318603"/><trkpt lat="38.8068317" lon="-77.23183979999999"/><trkpt lat="38.8067273" lon="-77.23177279999999"/><trkpt lat="38.806605" lon="-77.2317243"/><trkpt lat="38.8064513" lon="-77.23163590000001"/><trkpt lat="38.8062674" lon="-77.23155810000003"/><trkpt lat="38.8060918" lon="-77.23148029999999"/><trkpt lat="38.8059329" lon="-77.23141329999999"/><trkpt lat="38.8058598" lon="-77.2313757"/><trkpt lat="38.8057887" lon="-77.23131940000002"/><trkpt lat="38.8057406" lon="-77.23127650000004"/><trkpt lat="38.8056842" lon="-77.2312389"/><trkpt lat="38.8056173" lon="-77.23117719999999"/><trkpt lat="38.8055752" lon="-77.23111900000004"/><trkpt lat="38.8055271" lon="-77.2310622"/><trkpt lat="38.8054564" lon="-77.23095460000002"/><trkpt lat="38.8053946" lon="-77.23085100000003"/><trkpt lat="38.8053651" lon="-77.2308112"/><trkpt lat="38.8053348" lon="-77.2307634"/><trkpt lat="38.8052869" lon="-77.23067459999999"/><trkpt lat="38.8052536" lon="-77.23062470000002"/><trkpt lat="38.8051888" lon="-77.23055770000002"/><trkpt lat="38.8051595" lon="-77.23050219999999"/><trkpt lat="38.805113" lon="-77.2304188"/><trkpt lat="38.8050743" lon="-77.23036279999997"/><trkpt lat="38.8049749" lon="-77.23017379999999"/><trkpt lat="38.8048544" lon="-77.22999709999999"/><trkpt lat="38.8048105" lon="-77.22995149999997"/><trkpt lat="38.8046298" lon="-77.22974390000002"/><trkpt lat="38.8045471" lon="-77.22964300000001"/><trkpt lat="38.8044994" lon="-77.22958670000003"/><trkpt lat="38.8044573" lon="-77.22952229999999"/><trkpt lat="38.8044347" lon="-77.22947320000003"/><trkpt lat="38.8044045" lon="-77.22940900000003"/><trkpt lat="38.8043541" lon="-77.2293348"/><trkpt lat="38.8043131" lon="-77.2292784"/><trkpt lat="38.8042632" lon="-77.22920650000003"/><trkpt lat="38.8042216" lon="-77.22914479999997"/><trkpt lat="38.8041736" lon="-77.22908159999997"/><trkpt lat="38.8041263" lon="-77.22902499999998"/><trkpt lat="38.804053" lon="-77.2289159"/><trkpt lat="38.803948" lon="-77.22878880000002"/><trkpt lat="38.8038683" lon="-77.22870130000001"/><trkpt lat="38.8037762" lon="-77.2286133"/><trkpt lat="38.803734" lon="-77.22856480000002"/><trkpt lat="38.8036922" lon="-77.2285192"/><trkpt lat="38.8036417" lon="-77.2284692"/><trkpt lat="38.80357" lon="-77.22840059999999"/><trkpt lat="38.8035089" lon="-77.22834640000002"/><trkpt lat="38.8034144" lon="-77.22828190000001"/><trkpt lat="38.8033277" lon="-77.2282128"/><trkpt lat="38.8032602" lon="-77.22815179999998"/><trkpt lat="38.8031807" lon="-77.22808309999999"/><trkpt lat="38.8031199" lon="-77.22803440000001"/><trkpt lat="38.803063" lon="-77.2279916"/><trkpt lat="38.8030038" lon="-77.22794390000001"/><trkpt lat="38.8029241" lon="-77.22789879999999"/><trkpt lat="38.8028636" lon="-77.22788259999999"/><trkpt lat="38.8028098" lon="-77.22788020000002"/><trkpt lat="38.8027617" lon="-77.22788860000003"/><trkpt lat="38.8027081" lon="-77.22789560000001"/><trkpt lat="38.8026452" lon="-77.22791010000003"/><trkpt lat="38.8025741" lon="-77.22793280000002"/><trkpt lat="38.8025175" lon="-77.2279613"/><trkpt lat="38.8024632" lon="-77.22799350000003"/><trkpt lat="38.8023718" lon="-77.22805419999997"/><trkpt lat="38.8022625" lon="-77.22812220000003"/><trkpt lat="38.8021759" lon="-77.22818369999999"/><trkpt lat="38.8021009" lon="-77.22823549999998"/><trkpt lat="38.8020263" lon="-77.22829389999998"/><trkpt lat="38.801951" lon="-77.22834749999998"/><trkpt lat="38.8018193" lon="-77.22844680000003"/><trkpt lat="38.8017208" lon="-77.22851409999998"/><trkpt lat="38.8016396" lon="-77.22857399999998"/><trkpt lat="38.8015653" lon="-77.2286307"/><trkpt lat="38.801511" lon="-77.22866340000002"/><trkpt lat="38.8014505" lon="-77.22868629999999"/><trkpt lat="38.8013696" lon="-77.2287283"/><trkpt lat="38.8013128" lon="-77.22874539999998"/><trkpt lat="38.8012269" lon="-77.2287647"/><trkpt lat="38.8011926" lon="-77.2287756"/><trkpt lat="38.8011619" lon="-77.22879160000002"/><trkpt lat="38.8011318" lon="-77.22883660000002"/><trkpt lat="38.8011042" lon="-77.22890949999999"/><trkpt lat="38.8010752" lon="-77.22894830000001"/><trkpt lat="38.8010498" lon="-77.22897460000002"/><trkpt lat="38.8010122" lon="-77.22899860000001"/><trkpt lat="38.8009749" lon="-77.22901230000002"/><trkpt lat="38.8009017" lon="-77.2290261"/><trkpt lat="38.8007679" lon="-77.2290476"/><trkpt lat="38.8006952" lon="-77.22904800000003"/><trkpt lat="38.8006404" lon="-77.22904490000002"/><trkpt lat="38.8005631" lon="-77.22904490000002"/><trkpt lat="38.8005129" lon="-77.2290395"/><trkpt lat="38.8004565" lon="-77.22902879999998"/><trkpt lat="38.800419" lon="-77.22902019999998"/><trkpt lat="38.8003802" lon="-77.2290102"/><trkpt lat="38.8003365" lon="-77.22899210000003"/><trkpt lat="38.8003001" lon="-77.22897030000001"/><trkpt lat="38.8002574" lon="-77.22892780000001"/><trkpt lat="38.8001555" lon="-77.22883300000001"/><trkpt lat="38.8000578" lon="-77.22872710000001"/><trkpt lat="38.7999563" lon="-77.22861840000002"/><trkpt lat="38.7997941" lon="-77.2284555"/><trkpt lat="38.7996338" lon="-77.2282846"/><trkpt lat="38.7994405" lon="-77.22807890000001"/><trkpt lat="38.7992397" lon="-77.22786309999998"/><trkpt lat="38.7990342" lon="-77.22763500000002"/><trkpt lat="38.7989756" lon="-77.22756730000003"/><trkpt lat="38.798917" lon="-77.22749959999999"/><trkpt lat="38.798871" lon="-77.22746810000001"/><trkpt lat="38.7988364" lon="-77.22743919999999"/><trkpt lat="38.7987939" lon="-77.22741710000003"/><trkpt lat="38.7987249" lon="-77.22738420000002"/><trkpt lat="38.7986424" lon="-77.22738329999999"/><trkpt lat="38.7985822" lon="-77.2273745"/><trkpt lat="38.7984892" lon="-77.2273821"/><trkpt lat="38.7984037" lon="-77.22740870000001"/><trkpt lat="38.7983368" lon="-77.2274248"/><trkpt lat="38.7982407" lon="-77.22744899999998"/><trkpt lat="38.7981278" lon="-77.22748380000002"/><trkpt lat="38.7980024" lon="-77.227508"/><trkpt lat="38.7979292" lon="-77.2275214"/><trkpt lat="38.7978289" lon="-77.2275348"/><trkpt lat="38.7977509" lon="-77.22755030000002"/><trkpt lat="38.797686" lon="-77.22754079999999"/><trkpt lat="38.7976203" lon="-77.22751349999999"/><trkpt lat="38.7975726" lon="-77.22747950000002"/><trkpt lat="38.7975338" lon="-77.22742679999999"/><trkpt lat="38.7974849" lon="-77.22735060000002"/><trkpt lat="38.7973866" lon="-77.22720200000003"/><trkpt lat="38.7972963" lon="-77.227057"/><trkpt lat="38.7972165" lon="-77.22692340000003"/><trkpt lat="38.7971537" lon="-77.22676230000002"/><trkpt lat="38.7971098" lon="-77.22662760000003"/><trkpt lat="38.7971009" lon="-77.2265625"/><trkpt lat="38.7971019" lon="-77.22652040000003"/><trkpt lat="38.7971095" lon="-77.22649490000003"/><trkpt lat="38.797132" lon="-77.2264639"/><trkpt lat="38.7971589" lon="-77.22643749999997"/><trkpt lat="38.7972085" lon="-77.22639909999998"/><trkpt lat="38.7972722" lon="-77.2263125"/><trkpt lat="38.7973375" lon="-77.22618369999998"/><trkpt lat="38.7973798" lon="-77.2260809"/><trkpt lat="38.7974223" lon="-77.22596799999997"/><trkpt lat="38.797445" lon="-77.22587069999997"/><trkpt lat="38.7974744" lon="-77.22573019999999"/><trkpt lat="38.7975042" lon="-77.22561910000002"/><trkpt lat="38.7975257" lon="-77.22552109999998"/><trkpt lat="38.7975529" lon="-77.22543999999999"/><trkpt lat="38.7975851" lon="-77.2253695"/><trkpt lat="38.7976181" lon="-77.22530649999999"/><trkpt lat="38.7976386" lon="-77.22527209999998"/><trkpt lat="38.7976892" lon="-77.225212"/><trkpt lat="38.7977572" lon="-77.22517010000001"/><trkpt lat="38.7978019" lon="-77.22511859999997"/><trkpt lat="38.7978204" lon="-77.22508920000001"/><trkpt lat="38.7978372" lon="-77.22505380000001"/><trkpt lat="38.7978684" lon="-77.22497470000002"/><trkpt lat="38.7979104" lon="-77.2248955"/><trkpt lat="38.7979457" lon="-77.22483490000002"/><trkpt lat="38.7980045" lon="-77.2247855"/><trkpt lat="38.7980734" lon="-77.2247587"/><trkpt lat="38.7981278" lon="-77.2247534"/><trkpt lat="38.7981675" lon="-77.22474799999998"/><trkpt lat="38.7982739" lon="-77.2247064"/><trkpt lat="38.7983134" lon="-77.2246652"/><trkpt lat="38.7983724" lon="-77.22460050000001"/><trkpt lat="38.798417" lon="-77.22455780000001"/><trkpt lat="38.7984602" lon="-77.2243858"/><trkpt lat="38.7985015" lon="-77.22426559999997"/><trkpt lat="38.7985279" lon="-77.22417250000001"/><trkpt lat="38.798552" lon="-77.22410109999998"/><trkpt lat="38.7985928" lon="-77.22399810000002"/><trkpt lat="38.7986348" lon="-77.22387900000001"/><trkpt lat="38.7986879" lon="-77.22373620000002"/><trkpt lat="38.7987273" lon="-77.22361619999998"/><trkpt lat="38.7987546" lon="-77.22350010000002"/><trkpt lat="38.7987776" lon="-77.22340429999997"/><trkpt lat="38.7988068" lon="-77.22330390000002"/><trkpt lat="38.7988439" lon="-77.22320819999999"/><trkpt lat="38.7988957" lon="-77.2231018"/><trkpt lat="38.798967" lon="-77.22296829999999"/><trkpt lat="38.7990183" lon="-77.2228356"/><trkpt lat="38.7990559" lon="-77.22272559999999"/><trkpt lat="38.7990921" lon="-77.2226334"/><trkpt lat="38.7991195" lon="-77.2225659"/><trkpt lat="38.7991549" lon="-77.22245279999999"/><trkpt lat="38.7991916" lon="-77.22235639999997"/><trkpt lat="38.7992323" lon="-77.2222491"/><trkpt lat="38.799269" lon="-77.22214980000001"/><trkpt lat="38.7992982" lon="-77.2220843"/><trkpt lat="38.7993417" lon="-77.22198700000001"/><trkpt lat="38.7994074" lon="-77.22187730000002"/><trkpt lat="38.799498" lon="-77.22176139999999"/><trkpt lat="38.7994793" lon="-77.22168770000002"/><trkpt lat="38.7994569" lon="-77.22160959999997"/><trkpt lat="38.7994376" lon="-77.22155809999998"/><trkpt lat="38.7994102" lon="-77.22152089999997"/><trkpt lat="38.799359" lon="-77.22149690000003"/><trkpt lat="38.7992803" lon="-77.22146090000001"/><trkpt lat="38.7991917" lon="-77.22146680000003"/><trkpt lat="38.7990767" lon="-77.22146069999997"/><trkpt lat="38.7989765" lon="-77.22144300000002"/><trkpt lat="38.7989329" lon="-77.2214366"/><trkpt lat="38.7988547" lon="-77.22140690000003"/><trkpt lat="38.7987967" lon="-77.22139379999999"/><trkpt lat="38.7987107" lon="-77.22138310000003"/><trkpt lat="38.7986258" lon="-77.22137069999997"/><trkpt lat="38.7985283" lon="-77.22136840000002"/><trkpt lat="38.7984374" lon="-77.22135559999998"/><trkpt lat="38.7983567" lon="-77.22132909999999"/><trkpt lat="38.7982806" lon="-77.22131160000004"/><trkpt lat="38.7982033" lon="-77.2212609"/><trkpt lat="38.7980899" lon="-77.2212318"/><trkpt lat="38.7980475" lon="-77.221226"/><trkpt lat="38.7979607" lon="-77.22122109999998"/><trkpt lat="38.7978783" lon="-77.2212197"/><trkpt lat="38.7978553" lon="-77.22120769999998"/><trkpt lat="38.7978396" lon="-77.2211888"/><trkpt lat="38.7978204" lon="-77.22114220000003"/><trkpt lat="38.7978318" lon="-77.22104609999997"/><trkpt lat="38.7978489" lon="-77.22093039999999"/><trkpt lat="38.7978626" lon="-77.22083620000001"/><trkpt lat="38.7978667" lon="-77.22078420000003"/><trkpt lat="38.7978717" lon="-77.2206893"/><trkpt lat="38.7978887" lon="-77.2206046"/><trkpt lat="38.7979047" lon="-77.22054500000002"/><trkpt lat="38.7979322" lon="-77.22047570000001"/><trkpt lat="38.7980092" lon="-77.22035719999997"/><trkpt lat="38.7980521" lon="-77.22031420000002"/><trkpt lat="38.7980734" lon="-77.22030089999998"/><trkpt lat="38.7981069" lon="-77.22025530000002"/><trkpt lat="38.7981469" lon="-77.22019460000001"/><trkpt lat="38.7981672" lon="-77.22015140000002"/><trkpt lat="38.798214" lon="-77.2200401"/><trkpt lat="38.7982524" lon="-77.21992119999999"/><trkpt lat="38.7982885" lon="-77.2198148"/><trkpt lat="38.7983046" lon="-77.2197514"/><trkpt lat="38.7983053" lon="-77.2197119"/><trkpt lat="38.7982827" lon="-77.2196409"/><trkpt lat="38.7982688" lon="-77.21960509999997"/><trkpt lat="38.798245" lon="-77.2195092"/><trkpt lat="38.7982386" lon="-77.2194126"/><trkpt lat="38.7982456" lon="-77.21931039999998"/><trkpt lat="38.7982433" lon="-77.21926869999999"/><trkpt lat="38.798232" lon="-77.21924389999998"/><trkpt lat="38.7982073" lon="-77.21920649999998"/><trkpt lat="38.798177" lon="-77.21917630000002"/><trkpt lat="38.7981329" lon="-77.21914720000001"/><trkpt lat="38.7980774" lon="-77.21911460000001"/><trkpt lat="38.7980374" lon="-77.21908940000003"/><trkpt lat="38.7979843" lon="-77.21904110000003"/><trkpt lat="38.7978041" lon="-77.2188246"/><trkpt lat="38.7977429" lon="-77.21874509999998"/><trkpt lat="38.7976686" lon="-77.21866899999998"/><trkpt lat="38.7975741" lon="-77.21857540000002"/><trkpt lat="38.7974894" lon="-77.21844290000001"/><trkpt lat="38.7974303" lon="-77.21837849999997"/><trkpt lat="38.7973414" lon="-77.21833070000002"/><trkpt lat="38.7972187" lon="-77.2183066"/><trkpt lat="38.7971318" lon="-77.21824889999999"/><trkpt lat="38.7970735" lon="-77.21815859999998"/><trkpt lat="38.7970177" lon="-77.218051"/><trkpt lat="38.7969793" lon="-77.21797090000001"/><trkpt lat="38.7969256" lon="-77.21785119999998"/><trkpt lat="38.7968166" lon="-77.2177001"/><trkpt lat="38.7966985" lon="-77.21756040000002"/><trkpt lat="38.7966226" lon="-77.21747749999997"/><trkpt lat="38.7965651" lon="-77.21739539999999"/><trkpt lat="38.7965347" lon="-77.21735619999998"/><trkpt lat="38.7964847" lon="-77.2172941"/><trkpt lat="38.7964614" lon="-77.21721639999998"/><trkpt lat="38.796447" lon="-77.21714299999996"/><trkpt lat="38.7964264" lon="-77.21703059999999"/><trkpt lat="38.7964032" lon="-77.21698300000003"/><trkpt lat="38.7963622" lon="-77.2169151"/><trkpt lat="38.7963097" lon="-77.21687889999998"/><trkpt lat="38.7962939" lon="-77.21687250000002"/><trkpt lat="38.7961661" lon="-77.21683410000003"/><trkpt lat="38.7960468" lon="-77.21679899999998"/><trkpt lat="38.7959339" lon="-77.21677199999999"/><trkpt lat="38.7958355" lon="-77.21675700000003"/><trkpt lat="38.7957252" lon="-77.216746"/><trkpt lat="38.795572" lon="-77.21672030000002"/><trkpt lat="38.7954134" lon="-77.21671930000002"/><trkpt lat="38.7952852" lon="-77.21670799999998"/><trkpt lat="38.7951514" lon="-77.21669259999999"/><trkpt lat="38.7949965" lon="-77.21668039999997"/><trkpt lat="38.794908" lon="-77.21666429999999"/><trkpt lat="38.7947985" lon="-77.2166274"/><trkpt lat="38.794756" lon="-77.21661189999998"/><trkpt lat="38.7946753" lon="-77.2165953"/><trkpt lat="38.7946188" lon="-77.2165637"/><trkpt lat="38.7945655" lon="-77.2165134"/><trkpt lat="38.7944958" lon="-77.2164568"/><trkpt lat="38.7944718" lon="-77.21640030000003"/><trkpt lat="38.7944317" lon="-77.216295"/><trkpt lat="38.7943179" lon="-77.2160212"/><trkpt lat="38.7940799" lon="-77.21539999999999"/><trkpt lat="38.7940317" lon="-77.2152848"/><trkpt lat="38.7940047" lon="-77.21530710000002"/><trkpt lat="38.7939492" lon="-77.21532400000001"/><trkpt lat="38.7938988" lon="-77.21530889999997"/><trkpt lat="38.7938651" lon="-77.21532409999998"/><trkpt lat="38.7937632" lon="-77.2154759"/><trkpt lat="38.793746" lon="-77.21551590000001"/><trkpt lat="38.7937475" lon="-77.21557760000002"/><trkpt lat="38.7935162" lon="-77.21576570000002"/><trkpt lat="38.7934385" lon="-77.21576049999999"/><trkpt lat="38.7933918" lon="-77.21577530000002"/><trkpt lat="38.7933155" lon="-77.2157765"/><trkpt lat="38.7932853" lon="-77.21580019999999"/><trkpt lat="38.7932576" lon="-77.2158407"/><trkpt lat="38.793282" lon="-77.21611559999997"/><trkpt lat="38.7932867" lon="-77.21617730000003"/><trkpt lat="38.793264" lon="-77.21626559999999"/><trkpt lat="38.7932571" lon="-77.21631489999999"/><trkpt lat="38.7932518" lon="-77.21643440000003"/><trkpt lat="38.7932472" lon="-77.21674029999997"/><trkpt lat="38.7932495" lon="-77.21710869999998"/><trkpt lat="38.7932479" lon="-77.21726189999998"/><trkpt lat="38.7932433" lon="-77.21748000000002"/><trkpt lat="38.7932403" lon="-77.21762639999997"/><trkpt lat="38.7932372" lon="-77.2176991"/><trkpt lat="38.7932344" lon="-77.21770520000001"/><trkpt lat="38.7932262" lon="-77.21772290000001"/><trkpt lat="38.793192" lon="-77.21777170000001"/><trkpt lat="38.7931471" lon="-77.21781279999999"/><trkpt lat="38.7930846" lon="-77.21785110000002"/><trkpt lat="38.793004" lon="-77.21789089999999"/><trkpt lat="38.7929144" lon="-77.21791210000004"/><trkpt lat="38.7928375" lon="-77.21791760000002"/><trkpt lat="38.7927236" lon="-77.21791150000001"/><trkpt lat="38.7926125" lon="-77.21789469999999"/><trkpt lat="38.7925192" lon="-77.21783949999997"/><trkpt lat="38.792434" lon="-77.21773339999999"/><trkpt lat="38.7923934" lon="-77.21763629999998"/><trkpt lat="38.7923405" lon="-77.21744269999999"/><trkpt lat="38.7923035" lon="-77.21732980000002"/><trkpt lat="38.792226" lon="-77.21711249999998"/><trkpt lat="38.7921833" lon="-77.21700149999998"/><trkpt lat="38.7920766" lon="-77.2168279"/><trkpt lat="38.7919632" lon="-77.21665280000002"/><trkpt lat="38.7917957" lon="-77.21642020000002"/><trkpt lat="38.7915404" lon="-77.21672000000001"/><trkpt lat="38.7914536" lon="-77.2167584"/><trkpt lat="38.7914002" lon="-77.21678109999999"/><trkpt lat="38.7913284" lon="-77.2167963"/><trkpt lat="38.7912342" lon="-77.2167786"/><trkpt lat="38.7909937" lon="-77.21658839999998"/><trkpt lat="38.7906339" lon="-77.2162232"/><trkpt lat="38.7904393" lon="-77.21606650000001"/><trkpt lat="38.790196" lon="-77.21582480000001"/><trkpt lat="38.7899503" lon="-77.21563630000003"/><trkpt lat="38.7894773" lon="-77.21524779999999"/><trkpt lat="38.7891039" lon="-77.21483599999999"/><trkpt lat="38.7888458" lon="-77.21422089999999"/><trkpt lat="38.7885166" lon="-77.2133422"/><trkpt lat="38.788342" lon="-77.21287269999999"/><trkpt lat="38.7882253" lon="-77.21247349999999"/><trkpt lat="38.7881465" lon="-77.21221660000003"/><trkpt lat="38.7881359" lon="-77.21213510000001"/><trkpt lat="38.7881261" lon="-77.21201659999997"/><trkpt lat="38.7881131" lon="-77.211817"/><trkpt lat="38.7880971" lon="-77.21172949999999"/><trkpt lat="38.7880547" lon="-77.21166089999997"/><trkpt lat="38.7880041" lon="-77.21160529999997"/><trkpt lat="38.7878675" lon="-77.21144070000003"/><trkpt lat="38.787792" lon="-77.2113182"/><trkpt lat="38.7877271" lon="-77.2111769"/><trkpt lat="38.7874376" lon="-77.21036370000002"/><trkpt lat="38.7873728" lon="-77.21010749999999"/><trkpt lat="38.7873629" lon="-77.20997010000002"/><trkpt lat="38.7873615" lon="-77.2097372"/><trkpt lat="38.7873432" lon="-77.20965749999999"/><trkpt lat="38.7873099" lon="-77.20957020000003"/><trkpt lat="38.7872568" lon="-77.20950219999997"/><trkpt lat="38.7870651" lon="-77.20929439999998"/><trkpt lat="38.7869959" lon="-77.2091302"/><trkpt lat="38.7868983" lon="-77.2088382"/><trkpt lat="38.7867085" lon="-77.20828890000001"/><trkpt lat="38.7865531" lon="-77.20791280000003"/><trkpt lat="38.7863529" lon="-77.20761010000001"/><trkpt lat="38.7860255" lon="-77.20730950000001"/><trkpt lat="38.7858667" lon="-77.20720640000002"/><trkpt lat="38.7857104" lon="-77.20710689999999"/><trkpt lat="38.785566" lon="-77.20701009999999"/><trkpt lat="38.7855045" lon="-77.20696029999999"/><trkpt lat="38.7854548" lon="-77.20687859999998"/><trkpt lat="38.78542" lon="-77.20674129999998"/><trkpt lat="38.785417" lon="-77.20658220000001"/><trkpt lat="38.7854014" lon="-77.20649800000001"/><trkpt lat="38.7853809" lon="-77.2064307"/><trkpt lat="38.7853495" lon="-77.2063756"/><trkpt lat="38.7852249" lon="-77.20631609999998"/><trkpt lat="38.7851376" lon="-77.20631070000002"/><trkpt lat="38.785075" lon="-77.20631960000003"/><trkpt lat="38.7850339" lon="-77.2063374"/><trkpt lat="38.7847717" lon="-77.20645159999998"/><trkpt lat="38.7846748" lon="-77.20649000000003"/><trkpt lat="38.7843582" lon="-77.20663309999998"/><trkpt lat="38.7842637" lon="-77.20665630000002"/><trkpt lat="38.7840712" lon="-77.20666929999999"/><trkpt lat="38.7839392" lon="-77.2066749"/><trkpt lat="38.7835772" lon="-77.20665550000001"/><trkpt lat="38.7834122" lon="-77.2066782"/><trkpt lat="38.7831351" lon="-77.20669580000003"/><trkpt lat="38.7830471" lon="-77.20670869999998"/><trkpt lat="38.7829556" lon="-77.2067371"/><trkpt lat="38.7828594" lon="-77.20678099999998"/><trkpt lat="38.7821052" lon="-77.20725540000001"/><trkpt lat="38.7816171" lon="-77.20760080000002"/><trkpt lat="38.7811992" lon="-77.20793609999998"/><trkpt lat="38.7808194" lon="-77.20831140000001"/><trkpt lat="38.7806024" lon="-77.20866839999997"/><trkpt lat="38.780565" lon="-77.2087492"/><trkpt lat="38.7805335" lon="-77.20885570000002"/><trkpt lat="38.7805237" lon="-77.20893239999998"/><trkpt lat="38.7804906" lon="-77.20909570000003"/><trkpt lat="38.7804423" lon="-77.20922819999998"/><trkpt lat="38.7804093" lon="-77.20928100000003"/><trkpt lat="38.7803578" lon="-77.209317"/><trkpt lat="38.7802965" lon="-77.2093375"/><trkpt lat="38.7802348" lon="-77.20933639999998"/><trkpt lat="38.7801805" lon="-77.2093188"/><trkpt lat="38.7798082" lon="-77.2092169"/><trkpt lat="38.7797555" lon="-77.20919479999998"/><trkpt lat="38.7795205" lon="-77.20898069999998"/><trkpt lat="38.7793198" lon="-77.20867179999999"/><trkpt lat="38.7791659" lon="-77.2083854"/><trkpt lat="38.7790989" lon="-77.2082747"/><trkpt lat="38.7790454" lon="-77.20814150000001"/><trkpt lat="38.77901" lon="-77.20802860000003"/><trkpt lat="38.7789978" lon="-77.2079448"/><trkpt lat="38.7789981" lon="-77.20784879999997"/><trkpt lat="38.7790202" lon="-77.20769180000002"/><trkpt lat="38.779067" lon="-77.20748989999998"/><trkpt lat="38.7792858" lon="-77.2066375"/><trkpt lat="38.7795884" lon="-77.205401"/><trkpt lat="38.7797387" lon="-77.20484020000004"/><trkpt lat="38.779796" lon="-77.20463810000001"/><trkpt lat="38.7798785" lon="-77.20440980000001"/><trkpt lat="38.7798944" lon="-77.20429330000002"/><trkpt lat="38.7798878" lon="-77.2041663"/><trkpt lat="38.7798644" lon="-77.20408520000001"/><trkpt lat="38.7797959" lon="-77.20386500000001"/><trkpt lat="38.7796096" lon="-77.2034438"/><trkpt lat="38.7795656" lon="-77.20338809999998"/><trkpt lat="38.7795329" lon="-77.2033591"/><trkpt lat="38.7794701" lon="-77.20335080000001"/><trkpt lat="38.7793893" lon="-77.20336199999997"/><trkpt lat="38.7792538" lon="-77.2033998"/><trkpt lat="38.7790566" lon="-77.20353239999997"/><trkpt lat="38.7787743" lon="-77.20378089999997"/><trkpt lat="38.778677" lon="-77.20385550000003"/><trkpt lat="38.7786288" lon="-77.20387119999998"/><trkpt lat="38.7785101" lon="-77.20386739999998"/><trkpt lat="38.7783982" lon="-77.20383659999999"/><trkpt lat="38.7783852" lon="-77.2038369"/><trkpt lat="38.7782696" lon="-77.20384000000001"/><trkpt lat="38.7781602" lon="-77.20389119999999"/><trkpt lat="38.7778654" lon="-77.20404919999999"/><trkpt lat="38.7774589" lon="-77.20427359999996"/><trkpt lat="38.7774047" lon="-77.20427410000002"/><trkpt lat="38.7773573" lon="-77.20426520000001"/><trkpt lat="38.7773179" lon="-77.20424550000001"/><trkpt lat="38.7772533" lon="-77.20419320000002"/><trkpt lat="38.777165" lon="-77.20408900000001"/><trkpt lat="38.7770542" lon="-77.20395889999998"/><trkpt lat="38.7769879" lon="-77.203912"/><trkpt lat="38.7768727" lon="-77.2038574"/><trkpt lat="38.7768061" lon="-77.20384209999997"/><trkpt lat="38.7766" lon="-77.20383400000003"/><trkpt lat="38.776388" lon="-77.20376799999997"/><trkpt lat="38.7762742" lon="-77.20370709999997"/><trkpt lat="38.7761905" lon="-77.20363950000001"/><trkpt lat="38.7760081" lon="-77.20348990000002"/><trkpt lat="38.7757858" lon="-77.2033748"/><trkpt lat="38.7753154" lon="-77.20326869999997"/><trkpt lat="38.7751533" lon="-77.20320620000001"/><trkpt lat="38.7748984" lon="-77.20305329999997"/><trkpt lat="38.7748378" lon="-77.20300600000002"/><trkpt lat="38.7747916" lon="-77.20298200000002"/><trkpt lat="38.7747488" lon="-77.20296559999997"/><trkpt lat="38.7747044" lon="-77.20295809999999"/><trkpt lat="38.7746445" lon="-77.2029612"/><trkpt lat="38.7742639" lon="-77.20305129999997"/><trkpt lat="38.774126" lon="-77.20308399999999"/><trkpt lat="38.7740008" lon="-77.20312769999998"/><trkpt lat="38.773971" lon="-77.20314769999999"/><trkpt lat="38.7739433" lon="-77.2031773"/><trkpt lat="38.7739162" lon="-77.20323389999999"/><trkpt lat="38.7739063" lon="-77.20328119999999"/><trkpt lat="38.7739047" lon="-77.20332780000001"/><trkpt lat="38.7739121" lon="-77.2033672"/><trkpt lat="38.773925" lon="-77.20339990000002"/><trkpt lat="38.7739437" lon="-77.20342579999999"/><trkpt lat="38.7739839" lon="-77.2034582"/><trkpt lat="38.7740352" lon="-77.20349450000003"/><trkpt lat="38.7740606" lon="-77.20352539999999"/><trkpt lat="38.7740833" lon="-77.20356609999999"/><trkpt lat="38.774089" lon="-77.2035856"/><trkpt lat="38.7740926" lon="-77.20359819999999"/><trkpt lat="38.7740939" lon="-77.20363170000002"/><trkpt lat="38.7740932" lon="-77.20367020000003"/><trkpt lat="38.7740518" lon="-77.20402150000001"/><trkpt lat="38.774043" lon="-77.20408299999997"/><trkpt lat="38.7740315" lon="-77.20413359999998"/><trkpt lat="38.7739567" lon="-77.20429509999997"/><trkpt lat="38.7739339" lon="-77.204407"/><trkpt lat="38.7739465" lon="-77.2045683"/><trkpt lat="38.7739843" lon="-77.20471910000003"/><trkpt lat="38.7740006" lon="-77.20487789999999"/><trkpt lat="38.7739951" lon="-77.20495979999998"/><trkpt lat="38.7739646" lon="-77.2050673"/><trkpt lat="38.7739234" lon="-77.20516370000001"/><trkpt lat="38.7737473" lon="-77.20552950000001"/><trkpt lat="38.7735852" lon="-77.2059193"/><trkpt lat="38.7735577" lon="-77.20594570000003"/><trkpt lat="38.7733858" lon="-77.2060047"/><trkpt lat="38.7732698" lon="-77.20605499999999"/><trkpt lat="38.7731698" lon="-77.20612340000002"/><trkpt lat="38.772983" lon="-77.20627239999999"/><trkpt lat="38.7728313" lon="-77.20635600000003"/><trkpt lat="38.7727123" lon="-77.2064095"/><trkpt lat="38.7726423" lon="-77.20647739999998"/><trkpt lat="38.7725428" lon="-77.2065983"/><trkpt lat="38.7723278" lon="-77.2068011"/><trkpt lat="38.7721992" lon="-77.20689900000002"/><trkpt lat="38.7719054" lon="-77.20722209999997"/><trkpt lat="38.7716264" lon="-77.20745750000003"/><trkpt lat="38.7714522" lon="-77.20758260000002"/><trkpt lat="38.7712076" lon="-77.20771830000001"/><trkpt lat="38.7706765" lon="-77.2080138"/><trkpt lat="38.7705227" lon="-77.20811220000002"/><trkpt lat="38.7704549" lon="-77.20818380000003"/><trkpt lat="38.7703982" lon="-77.20824090000002"/><trkpt lat="38.7699649" lon="-77.20840390000001"/><trkpt lat="38.7698928" lon="-77.2084046"/><trkpt lat="38.7698286" lon="-77.2083639"/><trkpt lat="38.7697663" lon="-77.20828849999998"/><trkpt lat="38.7696609" lon="-77.20813420000002"/><trkpt lat="38.7695729" lon="-77.208056"/><trkpt lat="38.7694661" lon="-77.20802120000002"/><trkpt lat="38.7692974" lon="-77.208009"/><trkpt lat="38.7692218" lon="-77.2080234"/><trkpt lat="38.7691412" lon="-77.20804279999999"/><trkpt lat="38.7690783" lon="-77.2080719"/><trkpt lat="38.7690142" lon="-77.20814710000002"/><trkpt lat="38.7690047" lon="-77.2082297"/><trkpt lat="38.7690103" lon="-77.2082878"/><trkpt lat="38.7690053" lon="-77.2083144"/><trkpt lat="38.7689688" lon="-77.2083735"/><trkpt lat="38.7688887" lon="-77.20847830000002"/><trkpt lat="38.7688597" lon="-77.20850689999997"/><trkpt lat="38.7688325" lon="-77.20852719999999"/><trkpt lat="38.7688086" lon="-77.20852179999997"/><trkpt lat="38.7686616" lon="-77.2084405"/><trkpt lat="38.7685131" lon="-77.20842219999997"/><trkpt lat="38.7683063" lon="-77.20841819999998"/><trkpt lat="38.7682261" lon="-77.20837640000002"/><trkpt lat="38.7681921" lon="-77.20831220000002"/><trkpt lat="38.768113" lon="-77.20802200000003"/><trkpt lat="38.7680932" lon="-77.2079698"/><trkpt lat="38.7680353" lon="-77.2079137"/><trkpt lat="38.7678969" lon="-77.2078414"/><trkpt lat="38.7677849" lon="-77.20772599999998"/><trkpt lat="38.767396" lon="-77.20758720000003"/><trkpt lat="38.7668741" lon="-77.2074187"/><trkpt lat="38.7664852" lon="-77.20728070000001"/><trkpt lat="38.7662982" lon="-77.20722899999998"/><trkpt lat="38.7660338" lon="-77.20720440000002"/><trkpt lat="38.7659478" lon="-77.20721479999997"/><trkpt lat="38.7657555" lon="-77.20726030000003"/><trkpt lat="38.7655155" lon="-77.20739120000002"/><trkpt lat="38.7652094" lon="-77.20764129999998"/><trkpt lat="38.7648926" lon="-77.20786329999999"/><trkpt lat="38.7647066" lon="-77.2079493"/><trkpt lat="38.7646231" lon="-77.20798430000002"/><trkpt lat="38.7643754" lon="-77.20803769999998"/><trkpt lat="38.7642733" lon="-77.20808649999998"/><trkpt lat="38.7642175" lon="-77.20816309999998"/><trkpt lat="38.7641933" lon="-77.20822989999999"/><trkpt lat="38.7641544" lon="-77.20830000000001"/><trkpt lat="38.7641053" lon="-77.2083293"/><trkpt lat="38.7637562" lon="-77.20848290000004"/><trkpt lat="38.7637041" lon="-77.2085361"/><trkpt lat="38.7636616" lon="-77.20861780000001"/><trkpt lat="38.7636105" lon="-77.20868640000003"/><trkpt lat="38.7635464" lon="-77.20873560000001"/><trkpt lat="38.7635186" lon="-77.20876269999997"/><trkpt lat="38.763476" lon="-77.20876429999998"/><trkpt lat="38.7634386" lon="-77.20878149999999"/><trkpt lat="38.7634561" lon="-77.2088594"/><trkpt lat="38.7635049" lon="-77.20903420000002"/><trkpt lat="38.7634642" lon="-77.20929799999999"/><trkpt lat="38.7634431" lon="-77.20953220000001"/><trkpt lat="38.7634181" lon="-77.2097172"/><trkpt lat="38.7633763" lon="-77.21013920000001"/><trkpt lat="38.7633119" lon="-77.21035899999998"/><trkpt lat="38.7632575" lon="-77.21051799999998"/><trkpt lat="38.7632223" lon="-77.21059459999998"/><trkpt lat="38.7630909" lon="-77.2106741"/><trkpt lat="38.7629418" lon="-77.21073050000001"/><trkpt lat="38.7628655" lon="-77.2106961"/><trkpt lat="38.7628011" lon="-77.21064799999999"/><trkpt lat="38.7627463" lon="-77.2105497"/><trkpt lat="38.7626718" lon="-77.21051069999999"/><trkpt lat="38.7626161" lon="-77.21048150000001"/><trkpt lat="38.7625907" lon="-77.21049399999998"/><trkpt lat="38.762543" lon="-77.21061850000001"/><trkpt lat="38.762501" lon="-77.2107279"/><trkpt lat="38.7624859" lon="-77.2107441"/><trkpt lat="38.7624607" lon="-77.21071440000003"/><trkpt lat="38.7622746" lon="-77.21059330000003"/><trkpt lat="38.7621312" lon="-77.2105019"/><trkpt lat="38.7620124" lon="-77.21042339999997"/><trkpt lat="38.7619288" lon="-77.2103816"/><trkpt lat="38.7618833" lon="-77.2104443"/><trkpt lat="38.7618215" lon="-77.21046180000002"/><trkpt lat="38.7616706" lon="-77.21037990000002"/><trkpt lat="38.7616272" lon="-77.21036420000001"/><trkpt lat="38.7615565" lon="-77.21035549999999"/><trkpt lat="38.7615185" lon="-77.21035719999998"/><trkpt lat="38.7614471" lon="-77.21038679999998"/><trkpt lat="38.7613765" lon="-77.21042779999999"/><trkpt lat="38.7612909" lon="-77.21049920000002"/><trkpt lat="38.7612127" lon="-77.21059860000003"/><trkpt lat="38.7611434" lon="-77.2107153"/><trkpt lat="38.7610837" lon="-77.2108948"/><trkpt lat="38.7610198" lon="-77.21122939999998"/><trkpt lat="38.7609247" lon="-77.2118026"/><trkpt lat="38.7607589" lon="-77.2127663"/><trkpt lat="38.7605714" lon="-77.21386230000002"/><trkpt lat="38.7605503" lon="-77.2139886"/><trkpt lat="38.7605456" lon="-77.21420039999998"/><trkpt lat="38.7605531" lon="-77.21437550000002"/><trkpt lat="38.7605632" lon="-77.21444780000002"/><trkpt lat="38.7605891" lon="-77.21452529999999"/><trkpt lat="38.7606509" lon="-77.21457150000003"/><trkpt lat="38.7607419" lon="-77.21459770000001"/><trkpt lat="38.7607446" lon="-77.2147109"/><trkpt lat="38.7607365" lon="-77.21483290000003"/><trkpt lat="38.7607195" lon="-77.21495049999999"/><trkpt lat="38.7607181" lon="-77.21502020000003"/><trkpt lat="38.7607453" lon="-77.21510390000003"/><trkpt lat="38.7607888" lon="-77.2152006"/><trkpt lat="38.7608665" lon="-77.21535059999997"/><trkpt lat="38.7610837" lon="-77.2157024"/><trkpt lat="38.7611805" lon="-77.21585570000002"/><trkpt lat="38.7612937" lon="-77.21604589999998"/><trkpt lat="38.7614839" lon="-77.2163635"/><trkpt lat="38.7615598" lon="-77.21651259999999"/><trkpt lat="38.7616146" lon="-77.2166641"/><trkpt lat="38.7616396" lon="-77.21683539999998"/><trkpt lat="38.7616434" lon="-77.217109"/><trkpt lat="38.761604" lon="-77.21733940000001"/><trkpt lat="38.7614753" lon="-77.21767699999998"/><trkpt lat="38.7612456" lon="-77.21801829999998"/><trkpt lat="38.7611073" lon="-77.21823139999998"/><trkpt lat="38.7610631" lon="-77.2182684"/><trkpt lat="38.7609986" lon="-77.21821790000001"/><trkpt lat="38.7609701" lon="-77.21819399999998"/><trkpt lat="38.7609442" lon="-77.2181721"/><trkpt lat="38.7607478" lon="-77.21845080000003"/><trkpt lat="38.7607049" lon="-77.21858900000001"/><trkpt lat="38.7606885" lon="-77.2186461"/><trkpt lat="38.7606372" lon="-77.21864820000002"/><trkpt lat="38.7606023" lon="-77.21864970000001"/><trkpt lat="38.7605445" lon="-77.21870180000002"/><trkpt lat="38.7605122" lon="-77.21873729999999"/><trkpt lat="38.7603964" lon="-77.2188549"/><trkpt lat="38.7603351" lon="-77.21891829999998"/><trkpt lat="38.7603226" lon="-77.21893749999998"/><trkpt lat="38.7604701" lon="-77.21909340000002"/><trkpt lat="38.7607269" lon="-77.21941720000001"/><trkpt lat="38.7609607" lon="-77.2196874"/><trkpt lat="38.7611235" lon="-77.21993850000001"/><trkpt lat="38.7613689" lon="-77.2203025"/><trkpt lat="38.7615144" lon="-77.22047600000002"/><trkpt lat="38.7614886" lon="-77.2205184"/><trkpt lat="38.7614572" lon="-77.22055399999999"/><trkpt lat="38.7614332" lon="-77.22058119999997"/><trkpt lat="38.7614272" lon="-77.22059160000003"/><trkpt lat="38.760953" lon="-77.2209148"/><trkpt lat="38.7606967" lon="-77.22116940000001"/><trkpt lat="38.7604701" lon="-77.22133380000002"/><trkpt lat="38.7600373" lon="-77.22163410000002"/><trkpt lat="38.7600247" lon="-77.22164329999998"/><trkpt lat="38.7599994" lon="-77.2216578"/><trkpt lat="38.7599631" lon="-77.22167860000002"/><trkpt lat="38.7592183" lon="-77.22223159999999"/><trkpt lat="38.7589427" lon="-77.22241150000002"/><trkpt lat="38.75893" lon="-77.22241940000004"/><trkpt lat="38.7588921" lon="-77.22240999999997"/><trkpt lat="38.7588464" lon="-77.22239880000001"/><trkpt lat="38.7588251" lon="-77.22239480000002"/><trkpt lat="38.7587966" lon="-77.22239289999999"/><trkpt lat="38.7587763" lon="-77.22239880000001"/><trkpt lat="38.7586958" lon="-77.22246230000002"/><trkpt lat="38.758645" lon="-77.2225249"/><trkpt lat="38.7586888" lon="-77.22294820000002"/><trkpt lat="38.7587008" lon="-77.22338339999999"/><trkpt lat="38.7586828" lon="-77.2237518"/><trkpt lat="38.7586632" lon="-77.2240127"/><trkpt lat="38.7586179" lon="-77.22430099999997"/><trkpt lat="38.7585486" lon="-77.22464960000002"/><trkpt lat="38.7584638" lon="-77.22492449999999"/><trkpt lat="38.7584389" lon="-77.22492339999997"/><trkpt lat="38.7583495" lon="-77.22487519999999"/><trkpt lat="38.7582103" lon="-77.22480710000002"/><trkpt lat="38.7580892" lon="-77.22474549999998"/><trkpt lat="38.758065" lon="-77.22474599999998"/><trkpt lat="38.7579964" lon="-77.22473259999998"/><trkpt lat="38.7579458" lon="-77.22468470000001"/><trkpt lat="38.7578382" lon="-77.224741"/><trkpt lat="38.7577941" lon="-77.2248831"/><trkpt lat="38.7575026" lon="-77.22583759999998"/><trkpt lat="38.757391" lon="-77.22589800000003"/><trkpt lat="38.757323" lon="-77.22590600000001"/><trkpt lat="38.7573022" lon="-77.22589909999999"/><trkpt lat="38.757254" lon="-77.22588300000001"/><trkpt lat="38.757053" lon="-77.22576200000003"/><trkpt lat="38.756659" lon="-77.22537999999997"/><trkpt lat="38.756067" lon="-77.22504000000004"/><trkpt lat="38.755837" lon="-77.22488599999997"/><trkpt lat="38.755702" lon="-77.22484500000002"/><trkpt lat="38.755609" lon="-77.224854"/><trkpt lat="38.755474" lon="-77.22495900000001"/><trkpt lat="38.754927" lon="-77.22529500000002"/><trkpt lat="38.754536" lon="-77.225571"/><trkpt lat="38.754368" lon="-77.22565299999997"/><trkpt lat="38.754281" lon="-77.22574400000002"/><trkpt lat="38.7540691" lon="-77.22587490000001"/><trkpt lat="38.753988" lon="-77.22592500000002"/><trkpt lat="38.7537565" lon="-77.22610880000002"/><trkpt lat="38.7537404" lon="-77.2261469"/><trkpt lat="38.7537418" lon="-77.22618239999997"/><trkpt lat="38.7538588" lon="-77.2264108"/><trkpt lat="38.7539498" lon="-77.22652049999999"/><trkpt lat="38.7540081" lon="-77.22658910000001"/><trkpt lat="38.7540429" lon="-77.22665389999997"/><trkpt lat="38.7540487" lon="-77.22668670000002"/><trkpt lat="38.7541499" lon="-77.2268014"/><trkpt lat="38.7542054" lon="-77.22687050000002"/><trkpt lat="38.754032" lon="-77.22695099999999"/><trkpt lat="38.753971" lon="-77.22699799999998"/><trkpt lat="38.753859" lon="-77.22703200000001"/><trkpt lat="38.753665" lon="-77.22702099999998"/><trkpt lat="38.753549" lon="-77.226993"/><trkpt lat="38.7533703" lon="-77.22691839999999"/><trkpt lat="38.7532285" lon="-77.2267923"/><trkpt lat="38.7531802" lon="-77.22676839999997"/><trkpt lat="38.7531544" lon="-77.2267789"/><trkpt lat="38.7529673" lon="-77.22694289999998"/><trkpt lat="38.7528228" lon="-77.22713399999998"/><trkpt lat="38.7527267" lon="-77.2272587"/><trkpt lat="38.7526456" lon="-77.22731670000002"/><trkpt lat="38.7525606" lon="-77.22736199999997"/><trkpt lat="38.7525158" lon="-77.2273338"/><trkpt lat="38.7524676" lon="-77.22725149999997"/><trkpt lat="38.7524637" lon="-77.22711939999999"/><trkpt lat="38.752496" lon="-77.227014"/><trkpt lat="38.75261" lon="-77.22675600000002"/><trkpt lat="38.75263" lon="-77.226675"/><trkpt lat="38.75263" lon="-77.22659099999998"/><trkpt lat="38.752601" lon="-77.226516"/><trkpt lat="38.752476" lon="-77.226359"/><trkpt lat="38.752371" lon="-77.226089"/><trkpt lat="38.752249" lon="-77.22589199999999"/><trkpt lat="38.752046" lon="-77.22549500000002"/><trkpt lat="38.752025" lon="-77.225415"/><trkpt lat="38.752084" lon="-77.22511199999997"/><trkpt lat="38.752095" lon="-77.22474899999997"/><trkpt lat="38.752082" lon="-77.224673"/><trkpt lat="38.752029" lon="-77.224559"/><trkpt lat="38.751893" lon="-77.22440799999998"/><trkpt lat="38.751817" lon="-77.22417899999999"/><trkpt lat="38.75175" lon="-77.22404399999999"/><trkpt lat="38.751694" lon="-77.224017"/><trkpt lat="38.751546" lon="-77.22403300000002"/><trkpt lat="38.751465" lon="-77.224019"/><trkpt lat="38.751386" lon="-77.22402799999998"/><trkpt lat="38.751294" lon="-77.224065"/><trkpt lat="38.751102" lon="-77.224088"/><trkpt lat="38.751043" lon="-77.22406699999999"/><trkpt lat="38.750922" lon="-77.22395899999998"/><trkpt lat="38.750863" lon="-77.22389699999997"/><trkpt lat="38.750448" lon="-77.22324400000002"/><trkpt lat="38.750314" lon="-77.22305799999998"/><trkpt lat="38.75015" lon="-77.22263399999997"/><trkpt lat="38.750046" lon="-77.22225300000002"/><trkpt lat="38.749964" lon="-77.22207600000002"/><trkpt lat="38.749793" lon="-77.221837"/><trkpt lat="38.749715" lon="-77.22179299999999"/><trkpt lat="38.749566" lon="-77.22177299999998"/><trkpt lat="38.749503" lon="-77.221787"/><trkpt lat="38.749451" lon="-77.22185200000001"/><trkpt lat="38.749317" lon="-77.22223200000002"/><trkpt lat="38.749282" lon="-77.22229400000003"/><trkpt lat="38.749125" lon="-77.222463"/><trkpt lat="38.7490872" lon="-77.22252550000002"/><trkpt lat="38.7490424" lon="-77.22255230000002"/><trkpt lat="38.7489944" lon="-77.22255230000002"/><trkpt lat="38.7489263" lon="-77.22250309999998"/><trkpt lat="38.748859" lon="-77.22245499999997"/><trkpt lat="38.748707" lon="-77.22245099999998"/><trkpt lat="38.748346" lon="-77.22240099999999"/><trkpt lat="38.747936" lon="-77.2224"/><trkpt lat="38.747788" lon="-77.22236399999997"/><trkpt lat="38.747632" lon="-77.22239200000001"/><trkpt lat="38.747481" lon="-77.22232400000001"/><trkpt lat="38.747415" lon="-77.22232600000001"/><trkpt lat="38.747277" lon="-77.222375"/><trkpt lat="38.747096" lon="-77.22236299999997"/><trkpt lat="38.74693" lon="-77.22238099999998"/><trkpt lat="38.7468185" lon="-77.22241300000002"/><trkpt lat="38.746759" lon="-77.22243000000003"/><trkpt lat="38.746099" lon="-77.222487"/><trkpt lat="38.745922" lon="-77.22258299999999"/><trkpt lat="38.745778" lon="-77.22269499999999"/><trkpt lat="38.745646" lon="-77.222757"/><trkpt lat="38.745529" lon="-77.22285099999999"/><trkpt lat="38.74536" lon="-77.22290099999998"/><trkpt lat="38.745078" lon="-77.22303399999998"/><trkpt lat="38.74474" lon="-77.22315700000001"/><trkpt lat="38.744575" lon="-77.22324900000001"/><trkpt lat="38.744294" lon="-77.22334799999999"/><trkpt lat="38.744237" lon="-77.223408"/><trkpt lat="38.744057" lon="-77.223678"/><trkpt lat="38.743807" lon="-77.22391199999998"/><trkpt lat="38.743703" lon="-77.22404799999998"/><trkpt lat="38.74363" lon="-77.22420299999999"/><trkpt lat="38.74345" lon="-77.22439700000001"/><trkpt lat="38.74335" lon="-77.22463600000003"/><trkpt lat="38.743278" lon="-77.22489999999999"/><trkpt lat="38.743152" lon="-77.22517299999998"/><trkpt lat="38.743064" lon="-77.22529700000001"/><trkpt lat="38.742907" lon="-77.22539899999998"/><trkpt lat="38.742833" lon="-77.22540300000003"/><trkpt lat="38.742631" lon="-77.22533900000002"/><trkpt lat="38.741804" lon="-77.22525000000002"/><trkpt lat="38.741468" lon="-77.225164"/><trkpt lat="38.741397" lon="-77.225165"/><trkpt lat="38.740437" lon="-77.225503"/><trkpt lat="38.740368" lon="-77.22551099999998"/><trkpt lat="38.7403" lon="-77.22549100000003"/><trkpt lat="38.740151" lon="-77.22537599999998"/><trkpt lat="38.740017" lon="-77.22533099999998"/><trkpt lat="38.739636" lon="-77.22525999999999"/><trkpt lat="38.739505" lon="-77.22526499999998"/><trkpt lat="38.739196" lon="-77.22518400000001"/><trkpt lat="38.738904" lon="-77.22496799999999"/><trkpt lat="38.738542" lon="-77.22458799999998"/><trkpt lat="38.738428" lon="-77.22450900000001"/><trkpt lat="38.738222" lon="-77.224468"/><trkpt lat="38.7381454" lon="-77.22447190000003"/><trkpt lat="38.7380783" lon="-77.2245019"/><trkpt lat="38.738029" lon="-77.22452399999997"/><trkpt lat="38.737961" lon="-77.22452599999997"/><trkpt lat="38.737662" lon="-77.22443199999998"/><trkpt lat="38.737423" lon="-77.22431499999999"/><trkpt lat="38.737153" lon="-77.224152"/><trkpt lat="38.7367978" lon="-77.22400900000002"/><trkpt lat="38.7366988" lon="-77.22400979999998"/><trkpt lat="38.7365493" lon="-77.2240266"/><trkpt lat="38.7364781" lon="-77.22397799999999"/><trkpt lat="38.736432" lon="-77.22386799999998"/><trkpt lat="38.7364113" lon="-77.22379430000001"/><trkpt lat="38.7363894" lon="-77.22371699999997"/><trkpt lat="38.7361532" lon="-77.22313159999999"/><trkpt lat="38.736034" lon="-77.222984"/><trkpt lat="38.7358074" lon="-77.22265620000002"/><trkpt lat="38.7356889" lon="-77.22253269999999"/><trkpt lat="38.7354561" lon="-77.2223492"/><trkpt lat="38.735213" lon="-77.22218889999999"/><trkpt lat="38.7350727" lon="-77.22205450000001"/><trkpt lat="38.735047" lon="-77.22200099999998"/><trkpt lat="38.7350275" lon="-77.2219584"/><trkpt lat="38.7349697" lon="-77.22187819999999"/><trkpt lat="38.734929" lon="-77.2219518"/><trkpt lat="38.7348972" lon="-77.22200570000001"/><trkpt lat="38.7348419" lon="-77.2220868"/><trkpt lat="38.7348111" lon="-77.22213320000003"/><trkpt lat="38.7347508" lon="-77.22216470000001"/><trkpt lat="38.73464" lon="-77.22213399999998"/><trkpt lat="38.7343547" lon="-77.2220671"/><trkpt lat="38.734272" lon="-77.22200909999998"/><trkpt lat="38.7341408" lon="-77.22185209999998"/><trkpt lat="38.734055" lon="-77.22169400000001"/><trkpt lat="38.733967" lon="-77.22160429999997"/><trkpt lat="38.7338" lon="-77.22146900000001"/><trkpt lat="38.7334803" lon="-77.22135450000002"/><trkpt lat="38.7333745" lon="-77.22129059999997"/><trkpt lat="38.7332981" lon="-77.22119629999997"/><trkpt lat="38.7332807" lon="-77.2211643"/><trkpt lat="38.7332647" lon="-77.22111889999996"/><trkpt lat="38.7332597" lon="-77.22102159999997"/><trkpt lat="38.7332549" lon="-77.22092800000001"/><trkpt lat="38.7332467" lon="-77.2209082"/><trkpt lat="38.7332357" lon="-77.2208986"/><trkpt lat="38.7332145" lon="-77.22088960000002"/><trkpt lat="38.73314" lon="-77.22086000000002"/><trkpt lat="38.7329412" lon="-77.22074320000002"/><trkpt lat="38.732769" lon="-77.220642"/><trkpt lat="38.732657" lon="-77.22055599999999"/><trkpt lat="38.732258" lon="-77.22017700000004"/><trkpt lat="38.732085" lon="-77.21994999999998"/><trkpt lat="38.731928" lon="-77.219581"/><trkpt lat="38.731878" lon="-77.21950200000003"/><trkpt lat="38.731697" lon="-77.21929899999998"/><trkpt lat="38.731549" lon="-77.21917200000001"/><trkpt lat="38.731445" lon="-77.21911"/><trkpt lat="38.731256" lon="-77.21904699999999"/><trkpt lat="38.73089" lon="-77.21887600000002"/><trkpt lat="38.730608" lon="-77.21869100000004"/><trkpt lat="38.7305074" lon="-77.2185993"/><trkpt lat="38.729577" lon="-77.21775100000002"/><trkpt lat="38.728932" lon="-77.21722299999999"/><trkpt lat="38.728671" lon="-77.21696500000002"/><trkpt lat="38.728453" lon="-77.216811"/><trkpt lat="38.728378" lon="-77.21677999999997"/><trkpt lat="38.728098" lon="-77.21673900000002"/><trkpt lat="38.727897" lon="-77.21664099999998"/><trkpt lat="38.727345" lon="-77.21629200000001"/><trkpt lat="38.726928" lon="-77.21607899999998"/><trkpt lat="38.7264367" lon="-77.21582390000003"/><trkpt lat="38.726259" lon="-77.215735"/><trkpt lat="38.725769" lon="-77.215578"/><trkpt lat="38.725186" lon="-77.21545000000003"/><trkpt lat="38.724912" lon="-77.21542199999999"/><trkpt lat="38.724511" lon="-77.21541300000001"/><trkpt lat="38.724283" lon="-77.21536700000001"/><trkpt lat="38.724005" lon="-77.21524699999998"/><trkpt lat="38.723719" lon="-77.21508499999999"/><trkpt lat="38.723629" lon="-77.215012"/><trkpt lat="38.7233336" lon="-77.21468830000003"/><trkpt lat="38.7232391" lon="-77.21459950000002"/><trkpt lat="38.7232261" lon="-77.21451919999998"/><trkpt lat="38.7232368" lon="-77.21443139999997"/><trkpt lat="38.7232758" lon="-77.21431359999997"/><trkpt lat="38.7232776" lon="-77.21428079999998"/><trkpt lat="38.7232619" lon="-77.21425970000001"/><trkpt lat="38.7232356" lon="-77.2142503"/><trkpt lat="38.7231983" lon="-77.21423440000001"/><trkpt lat="38.7231668" lon="-77.21418499999999"/><trkpt lat="38.7231547" lon="-77.21413430000001"/><trkpt lat="38.723138" lon="-77.21411310000002"/><trkpt lat="38.7230798" lon="-77.21428029999998"/><trkpt lat="38.7230281" lon="-77.2144581"/><trkpt lat="38.7229584" lon="-77.21475989999999"/><trkpt lat="38.722917" lon="-77.21507009999999"/><trkpt lat="38.7229149" lon="-77.2153065"/><trkpt lat="38.722939" lon="-77.21561050000003"/><trkpt lat="38.7229665" lon="-77.2158976"/><trkpt lat="38.7229942" lon="-77.21605269999998"/><trkpt lat="38.7230273" lon="-77.21621909999999"/><trkpt lat="38.7230996" lon="-77.21649809999997"/><trkpt lat="38.7231924" lon="-77.21673470000002"/><trkpt lat="38.7232798" lon="-77.21692819999998"/><trkpt lat="38.7232607" lon="-77.21694489999999"/><trkpt lat="38.7231984" lon="-77.21699949999999"/><trkpt lat="38.7231129" lon="-77.2170744"/><trkpt lat="38.7230652" lon="-77.21699230000002"/><trkpt lat="38.7226133" lon="-77.21636790000002"/><trkpt lat="38.7224592" lon="-77.2162447"/><trkpt lat="38.7223716" lon="-77.21611280000002"/><trkpt lat="38.722133" lon="-77.2156344"/><trkpt lat="38.7216671" lon="-77.21478880000001"/><trkpt lat="38.7216091" lon="-77.21474280000001"/><trkpt lat="38.7215446" lon="-77.2147357"/><trkpt lat="38.7214803" lon="-77.2147665"/><trkpt lat="38.7214282" lon="-77.21480329999997"/><trkpt lat="38.721342" lon="-77.21487919999998"/><trkpt lat="38.7212645" lon="-77.21498070000001"/><trkpt lat="38.7212252" lon="-77.21508900000003"/><trkpt lat="38.7212041" lon="-77.2152132"/><trkpt lat="38.7211961" lon="-77.21535460000001"/><trkpt lat="38.7212288" lon="-77.2155151"/><trkpt lat="38.7213084" lon="-77.21584559999997"/><trkpt lat="38.7213132" lon="-77.2160591"/><trkpt lat="38.7213356" lon="-77.21618000000001"/><trkpt lat="38.7214733" lon="-77.21647300000001"/><trkpt lat="38.7216025" lon="-77.2166886"/><trkpt lat="38.7217319" lon="-77.21678180000004"/><trkpt lat="38.7217793" lon="-77.21679570000003"/><trkpt lat="38.7218084" lon="-77.21684099999999"/><trkpt lat="38.721811" lon="-77.21689000000003"/><trkpt lat="38.7217545" lon="-77.21700190000001"/><trkpt lat="38.7216284" lon="-77.21721860000002"/><trkpt lat="38.7215189" lon="-77.21753030000002"/><trkpt lat="38.721476" lon="-77.21757150000002"/><trkpt lat="38.7212357" lon="-77.2178462"/><trkpt lat="38.7210161" lon="-77.2181127"/><trkpt lat="38.7204042" lon="-77.21898469999996"/><trkpt lat="38.7196744" lon="-77.22036660000003"/><trkpt lat="38.7196676" lon="-77.22038759999998"/><trkpt lat="38.7196677" lon="-77.22040400000003"/><trkpt lat="38.7196981" lon="-77.2204984"/><trkpt lat="38.7197258" lon="-77.2205844"/><trkpt lat="38.7197292" lon="-77.2206033"/><trkpt lat="38.7197243" lon="-77.22062160000002"/><trkpt lat="38.7194502" lon="-77.2208"/><trkpt lat="38.7188404" lon="-77.22114320000003"/><trkpt lat="38.7186958" lon="-77.22120359999997"/><trkpt lat="38.7185482" lon="-77.2212465"/><trkpt lat="38.7184277" lon="-77.22125770000002"/><trkpt lat="38.7182561" lon="-77.22124730000002"/><trkpt lat="38.7181933" lon="-77.22125819999997"/><trkpt lat="38.7181284" lon="-77.2212955"/><trkpt lat="38.7180696" lon="-77.2213524"/><trkpt lat="38.7179954" lon="-77.22142530000002"/><trkpt lat="38.7179507" lon="-77.22149509999997"/><trkpt lat="38.7178574" lon="-77.22184270000002"/><trkpt lat="38.7177081" lon="-77.22203030000003"/><trkpt lat="38.7174807" lon="-77.2222491"/><trkpt lat="38.7174386" lon="-77.22232050000002"/><trkpt lat="38.7173566" lon="-77.22268930000001"/><trkpt lat="38.7173022" lon="-77.22278040000003"/><trkpt lat="38.7172143" lon="-77.2228619"/><trkpt lat="38.7170604" lon="-77.2230897"/><trkpt lat="38.7170068" lon="-77.22327910000001"/><trkpt lat="38.7169597" lon="-77.2234828"/><trkpt lat="38.7169377" lon="-77.22350719999997"/><trkpt lat="38.7168524" lon="-77.22357169999998"/><trkpt lat="38.7168046" lon="-77.22365450000001"/><trkpt lat="38.7167751" lon="-77.2238936"/><trkpt lat="38.7167733" lon="-77.22414309999999"/><trkpt lat="38.7162878" lon="-77.22458210000002"/><trkpt lat="38.7162347" lon="-77.2246778"/><trkpt lat="38.7161903" lon="-77.22485130000001"/><trkpt lat="38.7161736" lon="-77.22492690000001"/><trkpt lat="38.7160929" lon="-77.2249928"/><trkpt lat="38.7159713" lon="-77.22503489999997"/><trkpt lat="38.7157964" lon="-77.22502580000003"/><trkpt lat="38.7157802" lon="-77.22502739999999"/><trkpt lat="38.7157294" lon="-77.22503280000001"/><trkpt lat="38.7156805" lon="-77.22503699999999"/><trkpt lat="38.7156671" lon="-77.22503899999998"/><trkpt lat="38.7156309" lon="-77.2250469"/><trkpt lat="38.7155819" lon="-77.2250914"/><trkpt lat="38.7155164" lon="-77.2251685"/><trkpt lat="38.7152714" lon="-77.22538050000003"/><trkpt lat="38.7152258" lon="-77.22539560000001"/><trkpt lat="38.7149989" lon="-77.225392"/><trkpt lat="38.7150753" lon="-77.22602330000001"/><trkpt lat="38.7150788" lon="-77.22604749999999"/><trkpt lat="38.7150881" lon="-77.22611240000003"/><trkpt lat="38.7150975" lon="-77.22617760000003"/><trkpt lat="38.7151018" lon="-77.22620749999999"/><trkpt lat="38.7152279" lon="-77.22702049999998"/><trkpt lat="38.7152313" lon="-77.22703860000001"/><trkpt lat="38.7153438" lon="-77.22762950000003"/><trkpt lat="38.7154423" lon="-77.2280528"/><trkpt lat="38.7156878" lon="-77.22885150000002"/><trkpt lat="38.7158862" lon="-77.22949289999997"/><trkpt lat="38.7160453" lon="-77.22983850000003"/><trkpt lat="38.7161123" lon="-77.22999759999999"/><trkpt lat="38.716143" lon="-77.23009690000004"/><trkpt lat="38.716239" lon="-77.2305877"/><trkpt lat="38.7162272" lon="-77.2306878"/><trkpt lat="38.7162071" lon="-77.23075819999997"/><trkpt lat="38.7161435" lon="-77.23091599999998"/><trkpt lat="38.7161372" lon="-77.23094279999998"/><trkpt lat="38.7161248" lon="-77.2309952"/><trkpt lat="38.7161113" lon="-77.23105279999999"/><trkpt lat="38.7161058" lon="-77.23107600000003"/><trkpt lat="38.7160742" lon="-77.23123429999998"/><trkpt lat="38.7160272" lon="-77.23135020000001"/><trkpt lat="38.7158474" lon="-77.23173170000001"/><trkpt lat="38.7157693" lon="-77.23183399999999"/><trkpt lat="38.7156878" lon="-77.23190320000003"/><trkpt lat="38.7155951" lon="-77.23196630000001"/><trkpt lat="38.7155161" lon="-77.23204520000002"/><trkpt lat="38.7154747" lon="-77.23213599999997"/><trkpt lat="38.715451" lon="-77.23224249999998"/><trkpt lat="38.7154491" lon="-77.23234509999997"/><trkpt lat="38.7154293" lon="-77.2324418"/><trkpt lat="38.715382" lon="-77.23256409999999"/><trkpt lat="38.715311" lon="-77.23261350000001"/><trkpt lat="38.7152103" lon="-77.23263910000003"/><trkpt lat="38.7151038" lon="-77.2326529"/><trkpt lat="38.7150657" lon="-77.23267069999997"/><trkpt lat="38.7150431" lon="-77.2327085"/><trkpt lat="38.7150496" lon="-77.23276399999997"/><trkpt lat="38.7150446" lon="-77.23281450000002"/><trkpt lat="38.715052" lon="-77.232846"/><trkpt lat="38.715001" lon="-77.23290150000003"/><trkpt lat="38.7149136" lon="-77.23301830000003"/><trkpt lat="38.7148602" lon="-77.23309640000002"/><trkpt lat="38.7148139" lon="-77.23309849999998"/><trkpt lat="38.7148029" lon="-77.23317629999997"/><trkpt lat="38.7147958" lon="-77.2332012"/><trkpt lat="38.714787" lon="-77.23321829999998"/><trkpt lat="38.7147706" lon="-77.2332361"/><trkpt lat="38.7147208" lon="-77.23327589999997"/><trkpt lat="38.7146812" lon="-77.23331730000001"/><trkpt lat="38.7146692" lon="-77.23333109999999"/><trkpt lat="38.7146588" lon="-77.23334840000001"/><trkpt lat="38.7146496" lon="-77.2333749"/><trkpt lat="38.714641" lon="-77.23341049999999"/><trkpt lat="38.7146238" lon="-77.23349769999999"/><trkpt lat="38.71461" lon="-77.2335425"/><trkpt lat="38.7145785" lon="-77.23361260000001"/><trkpt lat="38.7145665" lon="-77.23362959999997"/><trkpt lat="38.7145564" lon="-77.2336383"/><trkpt lat="38.7145414" lon="-77.2336449"/><trkpt lat="38.7145231" lon="-77.2336598"/><trkpt lat="38.7145104" lon="-77.23367009999998"/><trkpt lat="38.7144604" lon="-77.23374439999998"/><trkpt lat="38.7144458" lon="-77.233765"/><trkpt lat="38.7144079" lon="-77.23381840000002"/><trkpt lat="38.7143579" lon="-77.23388879999999"/><trkpt lat="38.7143574" lon="-77.23390469999998"/><trkpt lat="38.7142832" lon="-77.2340178"/><trkpt lat="38.7143344" lon="-77.23433720000003"/><trkpt lat="38.7143998" lon="-77.23458519999997"/><trkpt lat="38.7143796" lon="-77.23465329999999"/><trkpt lat="38.714315" lon="-77.23471289999998"/><trkpt lat="38.7142298" lon="-77.23476099999999"/><trkpt lat="38.7138991" lon="-77.23480919999997"/><trkpt lat="38.7136186" lon="-77.23492190000002"/><trkpt lat="38.7132252" lon="-77.23493129999997"/><trkpt lat="38.7129322" lon="-77.23497550000002"/><trkpt lat="38.7126768" lon="-77.23508279999999"/><trkpt lat="38.7122441" lon="-77.23522259999999"/><trkpt lat="38.7121994" lon="-77.23516319999999"/><trkpt lat="38.7121505" lon="-77.23508270000002"/><trkpt lat="38.7120835" lon="-77.23503140000003"/><trkpt lat="38.7120318" lon="-77.23502339999999"/><trkpt lat="38.7119584" lon="-77.2350399"/><trkpt lat="38.7118773" lon="-77.2350662"/><trkpt lat="38.7117879" lon="-77.23515850000001"/><trkpt lat="38.711693" lon="-77.23533780000002"/><trkpt lat="38.7116901" lon="-77.23536030000002"/><trkpt lat="38.7116854" lon="-77.2353961"/><trkpt lat="38.7117656" lon="-77.2359649"/><trkpt lat="38.7117742" lon="-77.2360261"/><trkpt lat="38.7118198" lon="-77.2361785"/><trkpt lat="38.711865" lon="-77.2365236"/><trkpt lat="38.7119169" lon="-77.23692030000001"/><trkpt lat="38.7119484" lon="-77.23699369999997"/><trkpt lat="38.7120197" lon="-77.23703130000001"/><trkpt lat="38.7120923" lon="-77.23704170000002"/><trkpt lat="38.7121673" lon="-77.23715400000003"/><trkpt lat="38.7121981" lon="-77.23725630000001"/><trkpt lat="38.7122246" lon="-77.2373897"/><trkpt lat="38.7122396" lon="-77.237641"/><trkpt lat="38.7122418" lon="-77.2376777"/><trkpt lat="38.7123143" lon="-77.23810779999997"/><trkpt lat="38.7122934" lon="-77.2382265"/><trkpt lat="38.7121975" lon="-77.2384073"/><trkpt lat="38.712001" lon="-77.23865490000003"/><trkpt lat="38.7117981" lon="-77.23898700000001"/><trkpt lat="38.711671" lon="-77.23919560000002"/><trkpt lat="38.7116616" lon="-77.23922390000001"/><trkpt lat="38.711592" lon="-77.23953799999998"/><trkpt lat="38.7115136" lon="-77.23973810000001"/><trkpt lat="38.7114604" lon="-77.23984050000001"/><trkpt lat="38.711171" lon="-77.23989899999998"/><trkpt lat="38.7105708" lon="-77.24010329999999"/><trkpt lat="38.7104982" lon="-77.2401448"/><trkpt lat="38.7104788" lon="-77.24020940000003"/><trkpt lat="38.7103335" lon="-77.24036769999998"/><trkpt lat="38.7103032" lon="-77.24038159999998"/><trkpt lat="38.7102558" lon="-77.24038310000003"/><trkpt lat="38.7102056" lon="-77.24035930000002"/><trkpt lat="38.7101677" lon="-77.24032499999998"/><trkpt lat="38.7101262" lon="-77.24040379999997"/><trkpt lat="38.7101206" lon="-77.24041210000001"/><trkpt lat="38.7099377" lon="-77.2406818"/><trkpt lat="38.7099091" lon="-77.24074640000003"/><trkpt lat="38.7098991" lon="-77.24086249999999"/><trkpt lat="38.7098823" lon="-77.2411745"/><trkpt lat="38.709842" lon="-77.24138959999999"/><trkpt lat="38.7094737" lon="-77.24262320000003"/><trkpt lat="38.7093985" lon="-77.2427333"/><trkpt lat="38.709178" lon="-77.24310059999999"/><trkpt lat="38.7088757" lon="-77.24358230000001"/><trkpt lat="38.7086264" lon="-77.24401799999998"/><trkpt lat="38.7084631" lon="-77.244259"/><trkpt lat="38.7082193" lon="-77.24450949999999"/><trkpt lat="38.7079679" lon="-77.24468030000003"/><trkpt lat="38.7076337" lon="-77.24488400000001"/><trkpt lat="38.7070422" lon="-77.24535730000002"/><trkpt lat="38.7070108" lon="-77.2453514"/><trkpt lat="38.7069574" lon="-77.24530490000001"/><trkpt lat="38.7069076" lon="-77.24528729999997"/><trkpt lat="38.7068556" lon="-77.24528069999997"/><trkpt lat="38.7067791" lon="-77.24531239999999"/><trkpt lat="38.7066441" lon="-77.2454032"/><trkpt lat="38.7065479" lon="-77.24549569999999"/><trkpt lat="38.7064741" lon="-77.2456201"/><trkpt lat="38.7064173" lon="-77.24575340000001"/><trkpt lat="38.7061873" lon="-77.24595740000001"/><trkpt lat="38.7057803" lon="-77.24636290000001"/><trkpt lat="38.7056478" lon="-77.246535"/><trkpt lat="38.7054869" lon="-77.2467997"/><trkpt lat="38.7054249" lon="-77.24690169999997"/><trkpt lat="38.7052653" lon="-77.2471931"/><trkpt lat="38.7051252" lon="-77.24747460000003"/><trkpt lat="38.7050896" lon="-77.24754510000002"/><trkpt lat="38.705046" lon="-77.24768089999998"/><trkpt lat="38.7048986" lon="-77.24794079999998"/><trkpt lat="38.7046613" lon="-77.24840019999999"/><trkpt lat="38.704482" lon="-77.24872970000001"/><trkpt lat="38.7041913" lon="-77.2493571"/><trkpt lat="38.7038944" lon="-77.24991560000001"/><trkpt lat="38.7039281" lon="-77.24998299999999"/><trkpt lat="38.7039923" lon="-77.25006259999998"/><trkpt lat="38.7037033" lon="-77.2506189"/><trkpt lat="38.7035905" lon="-77.25083380000001"/><trkpt lat="38.7032667" lon="-77.25132550000001"/><trkpt lat="38.702858" lon="-77.25175860000002"/><trkpt lat="38.7024418" lon="-77.25217429999998"/><trkpt lat="38.701638" lon="-77.25297009999997"/><trkpt lat="38.7009556" lon="-77.2536002"/><trkpt lat="38.700769122987644" lon="-77.2537887096405"/><trkpt lat="38.700576543271865" lon="-77.25354999303819"/><trkpt lat="38.70034209770052" lon="-77.25341051816942"/><trkpt lat="38.700111837909134" lon="-77.25339174270631"/><trkpt lat="38.69988995049966" lon="-77.25330859422685"/><trkpt lat="38.69960317046943" lon="-77.25305914878845"/><trkpt lat="38.699454546789674" lon="-77.25299477577211"/><trkpt lat="38.69931010939653" lon="-77.25295186042787"/><trkpt lat="38.69934778874461" lon="-77.25234836339952"/><trkpt lat="38.699358255226656" lon="-77.25215792655946"/><trkpt lat="38.699358255226656" lon="-77.25206673145296"/><trkpt lat="38.69933522896411" lon="-77.25198626518251"/><trkpt lat="38.699138458781846" lon="-77.2517502307892"/><trkpt lat="38.69901704712273" lon="-77.2517314553261"/><trkpt lat="38.69864025100615" lon="-77.25168853998186"/><trkpt lat="38.698476972072484" lon="-77.25172340869905"/><trkpt lat="38.69836183926697" lon="-77.25178509950639"/><trkpt lat="38.69791595956229" lon="-77.25205332040788"/><trkpt lat="38.69771081209783" lon="-77.25222229957582"/><trkpt lat="38.69756637118313" lon="-77.25238859653474"/><trkpt lat="38.69749519729177" lon="-77.2524556517601"/><trkpt lat="38.69740936985802" lon="-77.25248783826828"/><trkpt lat="38.697223061171734" lon="-77.25250124931337"/><trkpt lat="38.69709327281138" lon="-77.25254148244859"/><trkpt lat="38.69696976431427" lon="-77.2525817155838"/><trkpt lat="38.69687137603683" lon="-77.25266486406326"/><trkpt lat="38.69666203882599" lon="-77.25287139415742"/><trkpt lat="38.69613241294672" lon="-77.2533890604973"/><trkpt lat="38.696002622607246" lon="-77.2534266114235"/><trkpt lat="38.695866551837206" lon="-77.25342124700548"/><trkpt lat="38.69536622785698" lon="-77.25332736968996"/><trkpt lat="38.69511292442381" lon="-77.25329786539079"/><trkpt lat="38.69462096891228" lon="-77.2532817721367"/><trkpt lat="38.69438441037656" lon="-77.2533702850342"/><trkpt lat="38.69362239349136" lon="-77.25380748510362"/><trkpt lat="38.69324975590531" lon="-77.25402206182481"/><trkpt lat="38.69304878201942" lon="-77.25408911705019"/><trkpt lat="38.69280803130861" lon="-77.25408375263216"/><trkpt lat="38.692671954461495" lon="-77.25415349006653"/><trkpt lat="38.69259658871171" lon="-77.25415617227556"/><trkpt lat="38.69253378385956" lon="-77.25415080785753"/><trkpt lat="38.69181989816483" lon="-77.25389599800111"/><trkpt lat="38.691461905882264" lon="-77.25379943847656"/><trkpt lat="38.69121068215813" lon="-77.25374311208726"/><trkpt lat="38.690957364009705" lon="-77.25372165441514"/><trkpt lat="38.690704044964285" lon="-77.25372701883317"/><trkpt lat="38.690337672857254" lon="-77.25381016731264"/><trkpt lat="38.689969205303015" lon="-77.25396037101747"/><trkpt lat="38.68891403771745" lon="-77.25451827049257"/><trkpt lat="38.688382260854056" lon="-77.2547221183777"/><trkpt lat="38.686556603120344" lon="-77.2552800178528"/><trkpt lat="38.685668881151535" lon="-77.25547313690187"/><trkpt lat="38.6852103600665" lon="-77.2555160522461"/><trkpt lat="38.684984238997586" lon="-77.25556701421739"/><trkpt lat="38.68449640129476" lon="-77.25563406944276"/><trkpt lat="38.684257715541776" lon="-77.25563138723373"/><trkpt lat="38.684148841074254" lon="-77.25560724735261"/><trkpt lat="38.68369449775827" lon="-77.25547313690187"/><trkpt lat="38.683644247629125" lon="-77.25549191236497"/><trkpt lat="38.68359399746466" lon="-77.25553750991821"/><trkpt lat="38.68346627813786" lon="-77.25548923015596"/><trkpt lat="38.6833783401082" lon="-77.2553336620331"/><trkpt lat="38.68328830820398" lon="-77.25533097982408"/><trkpt lat="38.683233870253446" lon="-77.25534707307817"/><trkpt lat="38.683173150952086" lon="-77.25533097982408"/><trkpt lat="38.68310196274005" lon="-77.25523710250856"/><trkpt lat="38.68301821181167" lon="-77.25517272949219"/><trkpt lat="38.6828611785568" lon="-77.25505203008653"/><trkpt lat="38.682574330254944" lon="-77.25487768650056"/><trkpt lat="38.682308418758346" lon="-77.25469261407854"/><trkpt lat="38.68184150090509" lon="-77.25421518087387"/><trkpt lat="38.68172634132496" lon="-77.25408643484117"/><trkpt lat="38.681590243400436" lon="-77.25403547286989"/><trkpt lat="38.6815169597954" lon="-77.2540006041527"/><trkpt lat="38.68145205139685" lon="-77.25396305322649"/><trkpt lat="38.681127508521016" lon="-77.25364923477174"/><trkpt lat="38.68097465878582" lon="-77.25347489118577"/><trkpt lat="38.680888811531105" lon="-77.2533890604973"/><trkpt lat="38.680800870334124" lon="-77.25316911935808"/><trkpt lat="38.680790401136804" lon="-77.25304037332536"/><trkpt lat="38.68083018407845" lon="-77.2529223561287"/><trkpt lat="38.68088253002062" lon="-77.25271850824358"/><trkpt lat="38.6808846238575" lon="-77.25254952907562"/><trkpt lat="38.680800870334124" lon="-77.2524717450142"/><trkpt lat="38.680689896764655" lon="-77.25249588489534"/><trkpt lat="38.68059986147811" lon="-77.25251466035844"/><trkpt lat="38.6805475153292" lon="-77.25253611803056"/><trkpt lat="38.68050773223041" lon="-77.25257366895677"/></trkseg></trk></gpx>